R659812042,NULL,49950,2
R404539365,NULL,49950,2
R246512396,NULL,47799,1
R446418996,"Offline Payment ₹46,166.00",46166,1
R877373840,NULL,45000,1
R754403637,"Offline Payment ₹44,970.00",44970,1
R950166630,"Offline Payment ₹43,168.00",43168,1
R892986923,"Offline Payment ₹38,519.00",38519,1
R951731993,"Offline Payment ₹37,972.00",37972,1
R754510307,NULL,36768,1
R188601715,"Offline Payment ₹35,976.00",35976,1
R518109320,"Offline Payment ₹35,774.00",35774,2
R437438832,"Offline Payment ₹35,774.00",35774,2
R134030143,NULL,34000,2
R267485707,NULL,34000,2
R322206409,NULL,31999,30
R624132314,NULL,31999,30
R452444849,NULL,31999,30
R562236205,NULL,31999,30
R083023726,NULL,31999,30
R969952776,NULL,31999,30
R238650839,NULL,31999,30
R159452174,NULL,31999,30
R552237034,NULL,31999,30
R433466092,NULL,31999,30
R953761348,NULL,31999,30
R095854985,NULL,31999,30
R284533595,NULL,31999,30
R908689878,NULL,31999,30
R657569443,NULL,31999,30
R165850209,NULL,31999,30
R371105081,NULL,31999,30
R830864916,NULL,31999,30
R338775167,NULL,31999,30
R415564552,NULL,31999,30
R170927520,NULL,31999,30
R300808126,NULL,31999,30
R789639542,NULL,31999,30
R786903061,NULL,31999,30
R731855975,NULL,31999,30
R915143888,NULL,31999,30
R378334409,NULL,31999,30
R790458895,NULL,31999,30
R229759444,NULL,31999,30
R810653306,NULL,31999,30
R921926820,NULL,30870,1
R581317479,NULL,29998,1
R356159198,NULL,24999,3
R785943532,NULL,24999,3
R928459746,NULL,24999,3
R120532502,"Offline Payment ₹22,995.00",22995,1
R542003788,"Offline Payment ₹22,980.00",22980,1
R255024097,"Offline Payment ₹22,485.00",22485,1
R771283010,"Offline Payment ₹22,064.67",22064.67,1
R976044160,"CCAvenue ₹20,238.75",20238.75,1
R576901277,NULL,19999,2
R286921335,NULL,19999,2
R905023949,NULL,19949,1
R490320493,"Offline Payment ₹19,900.00",19900,1
R847835307,"Offline Payment ₹19,576.00",19576,1
R850364626,"Offline Payment ₹19,176.00",19176,1
R258084771,"Offline Payment ₹18,995.00",18995,1
R767576248,NULL,18000,1
R889909033,"Offline Payment ₹17,578.00",17578,1
R713273281,NULL,17000,2
R025582722,NULL,17000,2
R950592268,NULL,16490,1
R063436583,"Offline Payment ₹15,597.00",15597,1
R463736170,NULL,14999,45
R116012941,NULL,14999,45
R618718860,NULL,14999,45
R238131793,NULL,14999,45
R592557574,NULL,14999,45
R726066091,NULL,14999,45
R519454135,NULL,14999,45
R223605910,NULL,14999,45
R234378732,NULL,14999,45
R997521889,NULL,14999,45
R280276388,NULL,14999,45
R387788837,NULL,14999,45
R133239762,NULL,14999,45
R544590094,NULL,14999,45
R967259018,NULL,14999,45
R889421135,NULL,14999,45
R542035221,NULL,14999,45
R656566081,NULL,14999,45
R970443398,NULL,14999,45
R822230721,NULL,14999,45
R245064809,NULL,14999,45
R044978674,NULL,14999,45
R673026561,NULL,14999,45
R522151367,NULL,14999,45
R558719868,NULL,14999,45
R025101282,NULL,14999,45
R004814421,NULL,14999,45
R492569033,NULL,14999,45
R688260182,NULL,14999,45
R232244126,NULL,14999,45
R642321171,NULL,14999,45
R414488058,NULL,14999,45
R571199798,NULL,14999,45
R487974611,NULL,14999,45
R869723279,NULL,14999,45
R277787303,NULL,14999,45
R900730963,NULL,14999,45
R142717289,NULL,14999,45
R909259971,NULL,14999,45
R334841014,NULL,14999,45
R632682314,NULL,14999,45
R829804021,NULL,14999,45
R097903786,NULL,14999,45
R908165673,NULL,14999,45
R781390195,NULL,14999,45
R393291989,NULL,14949,4
R805722590,NULL,14949,4
R745848025,NULL,14949,4
R974554501,NULL,14949,4
R720740266,NULL,14098,1
R608716363,NULL,14000,1
R811017998,NULL,13998,2
R709343539,NULL,13998,2
R796533810,"Offline Payment ₹13,990.00",13990,1
R288142724,NULL,13600,1
R134023006,NULL,12600,1
R099059203,"Offline Payment ₹12,500.00",12500,1
R887424924,NULL,11997,2
R752787877,NULL,11997,2
R303983540,"Offline Payment ₹10,500.00",10500,1
R483227806,"Offline Payment ₹10,398.00",10398,1
R459146733,"Offline Payment ₹10,198.00",10198,1
R302537592,"Offline Payment ₹9,950.00",9950,1
R373740592,NULL,9597,1
R347266199,NULL,9500,1
R244745791,NULL,9360,1
R943103512,NULL,9197,1
R913302136,NULL,9000,3
R956648092,NULL,9000,3
R968858875,NULL,9000,3
R099698152,"Offline Payment ₹8,999.00;Offline Payment -₹8,999.00",8999,4
R021646792,"Offline Payment ₹8,999.00",8999,4
R968534216,NULL,8999,4
R842276784,NULL,8999,4
R745884170,NULL,8990,1
R695116505,NULL,8500,2
R837082797,NULL,8500,2
R215312048,NULL,7999,7
R480803761,NULL,7999,7
R294824685,NULL,7999,7
R137796066,NULL,7999,7
R926289086,NULL,7999,7
R335178138,NULL,7999,7
R104048644,NULL,7999,7
R740282513,NULL,7998,1
R669754281,NULL,7949,3
R705888157,NULL,7949,3
R609755586,NULL,7949,3
R143979759,NULL,7800,4
R099237112,NULL,7800,4
R918988153,NULL,7800,4
R871055681,NULL,7800,4
R556120068,NULL,7299,1
R100263306,NULL,6999,109
R901583411,NULL,6999,109
R840342838,NULL,6999,109
R608668297,NULL,6999,109
R164238294,NULL,6999,109
R845800649,NULL,6999,109
R521620545,NULL,6999,109
R678747589,NULL,6999,109
R272300117,NULL,6999,109
R015843161,NULL,6999,109
R266692991,NULL,6999,109
R470020192,NULL,6999,109
R865517364,NULL,6999,109
R810463140,NULL,6999,109
R337978395,NULL,6999,109
R059945155,NULL,6999,109
R998807380,NULL,6999,109
R109772313,NULL,6999,109
R858489254,NULL,6999,109
R095380689,NULL,6999,109
R447803324,NULL,6999,109
R539360194,NULL,6999,109
R816894734,NULL,6999,109
R663556529,NULL,6999,109
R485737787,NULL,6999,109
R566860364,NULL,6999,109
R129706686,NULL,6999,109
R008581748,NULL,6999,109
R807428177,NULL,6999,109
R467004705,NULL,6999,109
R428451606,NULL,6999,109
R962117133,NULL,6999,109
R718911937,NULL,6999,109
R372394693,NULL,6999,109
R934486562,NULL,6999,109
R710755071,NULL,6999,109
R280867006,NULL,6999,109
R315861308,NULL,6999,109
R009004329,NULL,6999,109
R245284125,NULL,6999,109
R033452040,NULL,6999,109
R755121290,NULL,6999,109
R071192230,NULL,6999,109
R449061970,NULL,6999,109
R812957263,NULL,6999,109
R709149394,NULL,6999,109
R511583562,NULL,6999,109
R018141018,NULL,6999,109
R405673677,NULL,6999,109
R917860784,NULL,6999,109
R115478603,"CCAvenue ₹6,999.00",6999,109
R235274034,NULL,6999,109
R145903398,NULL,6999,109
R114374709,NULL,6999,109
R889290402,NULL,6999,109
R257309389,NULL,6999,109
R137306991,NULL,6999,109
R063584067,NULL,6999,109
R206264401,NULL,6999,109
R320290267,NULL,6999,109
R473165121,NULL,6999,109
R440783263,NULL,6999,109
R965839065,NULL,6999,109
R759811270,NULL,6999,109
R938785946,NULL,6999,109
R788968925,NULL,6999,109
R012255219,NULL,6999,109
R753004102,NULL,6999,109
R036782433,NULL,6999,109
R167787207,NULL,6999,109
R884615289,NULL,6999,109
R326496059,NULL,6999,109
R732634741,NULL,6999,109
R067070708,NULL,6999,109
R820509438,NULL,6999,109
R665931534,NULL,6999,109
R466659526,NULL,6999,109
R410916322,NULL,6999,109
R125199416,NULL,6999,109
R409713866,NULL,6999,109
R663512615,NULL,6999,109
R589749992,NULL,6999,109
R743187928,NULL,6999,109
R511226076,NULL,6999,109
R665517422,NULL,6999,109
R489439125,NULL,6999,109
R537454225,NULL,6999,109
R345272638,NULL,6999,109
R988904729,NULL,6999,109
R219519457,NULL,6999,109
R851443061,NULL,6999,109
R189956957,NULL,6999,109
R193651857,NULL,6999,109
R287714421,NULL,6999,109
R180067494,NULL,6999,109
R658063755,NULL,6999,109
R327602823,NULL,6999,109
R620091981,NULL,6999,109
R663745116,NULL,6999,109
R860341371,NULL,6999,109
R558142886,NULL,6999,109
R789682125,NULL,6999,109
R153591558,NULL,6999,109
R837364134,NULL,6999,109
R923513880,NULL,6999,109
R613893168,NULL,6999,109
R800970589,NULL,6999,109
R205563178,NULL,6999,109
R295438032,NULL,6999,109
R129754394,NULL,6949,11
R434331107,NULL,6949,11
R033351869,NULL,6949,11
R070610860,NULL,6949,11
R499604960,NULL,6949,11
R294145573,NULL,6949,11
R577214863,NULL,6949,11
R069765759,NULL,6949,11
R362026625,NULL,6949,11
R994557261,NULL,6949,11
R948912016,NULL,6949,11
R447799039,NULL,6799,1
R573576951,NULL,6750,1
R523241303,NULL,6499,1
R474544969,NULL,6398,2
R427386994,NULL,6398,2
R297173624,NULL,6199,1
R774316862,NULL,6000,1
R228706655,NULL,5999,12
R649457279,NULL,5999,12
R751692125,NULL,5999,12
R741985829,"Offline Payment ₹5,999.00",5999,12
R067126278,"Offline Payment ₹5,999.00",5999,12
R189553813,NULL,5999,12
R003758612,NULL,5999,12
R437981527,NULL,5999,12
R334054958,NULL,5999,12
R602394842,NULL,5999,12
R814328069,"Offline Payment ₹5,999.00",5999,12
R497295698,"Offline Payment ₹5,999.00",5999,12
R663785066,NULL,5949,1
R204125239,NULL,5590,1
R219844664,NULL,5499,2
R911051336,NULL,5499,2
R891198462,"Offline Payment ₹5,399.00",5399,1
R079104711,NULL,5199,1
R326309175,"Offline Payment ₹5,196.00",5196,1
R001104751,NULL,5097,2
R812120153,"Offline Payment ₹5,097.00",5097,2
R790539958,NULL,4999,12
R787221333,NULL,4999,12
R507826473,NULL,4999,12
R699432162,NULL,4999,12
R702044368,NULL,4999,12
R484831002,NULL,4999,12
R891592661,NULL,4999,12
R623981449,NULL,4999,12
R504237572,NULL,4999,12
R803110199,NULL,4999,12
R657062982,NULL,4999,12
R378892829,NULL,4999,12
R189188822,NULL,4949,2
R759466650,NULL,4949,2
R968390436,NULL,4650,1
R741630691,"Offline Payment ₹4,599.00",4599,1
R386802191,NULL,4497,1
R536098034,NULL,4399,2
R482924550,NULL,4399,2
R478822756,"Offline Payment ₹4,369.05",4369.05,1
R140316623,NULL,4000,1
R401273445,NULL,3999,6
R566547223,NULL,3999,6
R437437958,NULL,3999,6
R280834516,NULL,3999,6
R781438409,NULL,3999,6
R959086767,NULL,3999,6
R426985214,NULL,3799,1
R819735091,NULL,3499,6
R601107355,NULL,3499,6
R701733618,NULL,3499,6
R728042506,NULL,3499,6
R324377795,NULL,3499,6
R226347616,NULL,3499,6
R798231687,NULL,3498,1
R578366649,NULL,3495,1
R469904378,NULL,3449,1
R577275763,NULL,3400,3
R321108455,NULL,3400,3
R765605807,NULL,3400,3
R122556897,"Offline Payment ₹3,399.00",3399,1
R942668486,NULL,3350,1
R546797144,NULL,3298,2
R190573244,"Offline Payment ₹3,298.00",3298,2
R473884283,NULL,3199,83
R688459969,NULL,3199,83
R557423202,NULL,3199,83
R059795088,NULL,3199,83
R839352243,NULL,3199,83
R689456610,NULL,3199,83
R770645025,NULL,3199,83
R922879608,NULL,3199,83
R939760040,NULL,3199,83
R759601933,NULL,3199,83
R711371655,NULL,3199,83
R509960691,NULL,3199,83
R868353473,NULL,3199,83
R524717809,NULL,3199,83
R536394696,NULL,3199,83
R393940120,NULL,3199,83
R266876619,NULL,3199,83
R599593142,NULL,3199,83
R537417206,NULL,3199,83
R198901271,NULL,3199,83
R075944621,NULL,3199,83
R484661123,NULL,3199,83
R927433730,NULL,3199,83
R061155802,NULL,3199,83
R486488435,NULL,3199,83
R430918499,NULL,3199,83
R383925820,NULL,3199,83
R353497454,NULL,3199,83
R884349824,NULL,3199,83
R444626575,NULL,3199,83
R106911753,NULL,3199,83
R342190511,NULL,3199,83
R672085644,NULL,3199,83
R055275451,NULL,3199,83
R105266586,NULL,3199,83
R424110316,NULL,3199,83
R201864055,NULL,3199,83
R648665305,NULL,3199,83
R712477950,NULL,3199,83
R626625012,NULL,3199,83
R561099337,NULL,3199,83
R461457960,NULL,3199,83
R829639836,NULL,3199,83
R043712539,NULL,3199,83
R575460288,NULL,3199,83
R618323301,NULL,3199,83
R986858165,NULL,3199,83
R096001454,NULL,3199,83
R110899127,NULL,3199,83
R345927349,NULL,3199,83
R723151085,NULL,3199,83
R610759702,NULL,3199,83
R112052795,NULL,3199,83
R654300123,NULL,3199,83
R497947418,NULL,3199,83
R322697692,NULL,3199,83
R090768479,NULL,3199,83
R873857518,NULL,3199,83
R967657525,NULL,3199,83
R344797804,NULL,3199,83
R574846250,NULL,3199,83
R425689942,NULL,3199,83
R521024557,NULL,3199,83
R418400923,NULL,3199,83
R062821299,NULL,3199,83
R938962736,NULL,3199,83
R374586229,NULL,3199,83
R195804056,NULL,3199,83
R051388134,NULL,3199,83
R257356041,NULL,3199,83
R863835424,NULL,3199,83
R571410258,NULL,3199,83
R717190860,NULL,3199,83
R805220511,NULL,3199,83
R402524230,NULL,3199,83
R369229535,NULL,3199,83
R410875027,NULL,3199,83
R661426104,NULL,3199,83
R016465303,NULL,3199,83
R746439731,NULL,3199,83
R336278556,NULL,3199,83
R067174874,NULL,3199,83
R490085515,NULL,3199,83
R304577106,NULL,3198,1
R160670879,NULL,3149,6
R246201103,NULL,3149,6
R596124528,NULL,3149,6
R195220158,NULL,3149,6
R214330813,NULL,3149,6
R935033008,NULL,3149,6
R592165947,NULL,3000,1
R074122894,NULL,2999,6
R157329196,NULL,2999,6
R957588740,NULL,2999,6
R466333331,NULL,2999,6
R940619134,NULL,2999,6
R379660080,NULL,2999,6
R107406633,NULL,2998,2
R406161996,NULL,2998,2
R814626482,NULL,2994,1
R734054745,NULL,2949,1
R013507897,NULL,2799,1
R571918001,"Offline Payment ₹2,798.00",2798,2
R680133836,NULL,2798,2
R378835168,NULL,2700,3
R515916734,NULL,2700,3
R467074132,NULL,2700,3
R554830047,NULL,2500,6
R660515587,NULL,2500,6
R215154234,NULL,2500,6
R069925773,NULL,2500,6
R489633500,NULL,2500,6
R157253363,NULL,2500,6
R842942556,NULL,2499,2
R436935866,NULL,2499,2
R684559633,NULL,2495,2
R994298888,NULL,2495,2
R136224901,NULL,2400.2,1
R828668563,NULL,2399,1
R127121233,NULL,2397,1
R164560710,NULL,2299,27
R409204299,NULL,2299,27
R807715509,NULL,2299,27
R146076815,NULL,2299,27
R867456412,NULL,2299,27
R819698747,NULL,2299,27
R195199296,NULL,2299,27
R654225782,NULL,2299,27
R884274082,NULL,2299,27
R075519011,NULL,2299,27
R242101764,NULL,2299,27
R437346928,NULL,2299,27
R294248781,NULL,2299,27
R045881853,NULL,2299,27
R914004109,"Offline Payment ₹2,299.00",2299,27
R627737080,NULL,2299,27
R444878024,NULL,2299,27
R251723287,NULL,2299,27
R437642094,NULL,2299,27
R085051997,NULL,2299,27
R899677509,NULL,2299,27
R121113121,NULL,2299,27
R472890631,NULL,2299,27
R004476488,NULL,2299,27
R526038353,NULL,2299,27
R185826208,NULL,2299,27
R418908268,NULL,2299,27
R398270929,NULL,2249,2
R053118753,NULL,2249,2
R037759865,NULL,2199,10
R616959302,"Offline Payment ₹2,199.00",2199,10
R986468491,"CCAvenue ₹2,199.00",2199,10
R494064077,"Offline Payment ₹2,199.00",2199,10
R969504414,NULL,2199,10
R428601129,"Offline Payment ₹2,199.00",2199,10
R752812457,"Offline Payment ₹2,199.00",2199,10
R972061471,NULL,2199,10
R152275293,NULL,2199,10
R407347295,"Offline Payment ₹2,199.00",2199,10
R704309206,NULL,2100,1
R858043122,NULL,2099,5
R464127417,NULL,2099,5
R800443458,"Offline Payment ₹2,099.00",2099,5
R411650138,"Offline Payment ₹2,099.00",2099,5
R580567998,"CCAvenue ₹2,099.00",2099,5
R702678506,NULL,2097,1
R809961055,NULL,2049,2
R278485419,NULL,2049,2
R411043434,NULL,2000,3
R192037084,NULL,2000,3
R414254148,"Offline Payment ₹2,000.00",2000,3
R683222501,NULL,1999,59
R999984993,NULL,1999,59
R813527136,NULL,1999,59
R625072823,NULL,1999,59
R605864717,NULL,1999,59
R940175819,NULL,1999,59
R555469198,NULL,1999,59
R374937551,NULL,1999,59
R426638068,NULL,1999,59
R956881993,NULL,1999,59
R225689560,NULL,1999,59
R192015374,NULL,1999,59
R739830920,NULL,1999,59
R814564775,NULL,1999,59
R716051048,NULL,1999,59
R660406531,NULL,1999,59
R077310042,NULL,1999,59
R676642994,NULL,1999,59
R584290683,NULL,1999,59
R830584739,NULL,1999,59
R355000407,NULL,1999,59
R663302088,NULL,1999,59
R714635203,NULL,1999,59
R050963387,NULL,1999,59
R529850243,NULL,1999,59
R698949954,"Offline Payment ₹1,999.00",1999,59
R012129699,NULL,1999,59
R928318927,"Offline Payment ₹1,999.00",1999,59
R397240922,"Offline Payment ₹1,999.00",1999,59
R781108377,"Offline Payment ₹1,999.00",1999,59
R510644150,"Offline Payment ₹1,999.00",1999,59
R164410109,"Offline Payment ₹1,999.00",1999,59
R571227068,NULL,1999,59
R846626173,NULL,1999,59
R378351960,NULL,1999,59
R857462940,NULL,1999,59
R599359724,NULL,1999,59
R507150233,NULL,1999,59
R285321723,"Offline Payment ₹1,999.00",1999,59
R818426015,NULL,1999,59
R512497801,NULL,1999,59
R437288516,NULL,1999,59
R830190273,NULL,1999,59
R283595030,"Offline Payment ₹1,999.00",1999,59
R483870164,NULL,1999,59
R103494301,NULL,1999,59
R513702354,NULL,1999,59
R041616248,"Offline Payment ₹1,999.00",1999,59
R877593612,NULL,1999,59
R823105767,NULL,1999,59
R991021379,NULL,1999,59
R733578247,NULL,1999,59
R415232866,NULL,1999,59
R829477508,NULL,1999,59
R610028478,NULL,1999,59
R274712132,NULL,1999,59
R385733561,NULL,1999,59
R588509634,NULL,1999,59
R938243322,"Offline Payment ₹1,999.00",1999,59
R727809280,NULL,1998,2
R842888376,NULL,1998,2
R141263882,NULL,1995,1
R743853631,NULL,1992,1
R254534188,NULL,1960.91,1
R200761223,NULL,1949,1
R645155068,NULL,1899,2
R046814280,NULL,1899,2
R327234515,NULL,1879,1
R208596907,NULL,1800,1
R563556135,"CCAvenue ₹1,799.00",1799,1
R971148772,NULL,1798,3
R811028658,"CCAvenue ₹1,798.00",1798,3
R724763133,NULL,1798,3
R221967843,NULL,1748,2
R338628908,NULL,1748,2
R085983251,"CCAvenue ₹1,700.00",1700,179
R311910847,NULL,1700,179
R729109249,NULL,1700,179
R396080846,NULL,1700,179
R068790838,NULL,1700,179
R935491894,NULL,1700,179
R598417408,NULL,1700,179
R879477573,NULL,1700,179
R586796720,NULL,1700,179
R664840161,NULL,1700,179
R570036379,NULL,1700,179
R009563659,NULL,1700,179
R905849286,NULL,1700,179
R808056124,NULL,1700,179
R396090239,NULL,1700,179
R818289287,NULL,1700,179
R368908102,NULL,1700,179
R088361446,NULL,1700,179
R579766208,NULL,1700,179
R793585325,NULL,1700,179
R437440970,NULL,1700,179
R973425198,NULL,1700,179
R139995118,NULL,1700,179
R525989946,NULL,1700,179
R623272588,NULL,1700,179
R759852115,NULL,1700,179
R491976934,NULL,1700,179
R511505271,NULL,1700,179
R383204693,NULL,1700,179
R294142912,NULL,1700,179
R688067037,NULL,1700,179
R395808951,NULL,1700,179
R093706435,NULL,1700,179
R050880610,NULL,1700,179
R175438811,NULL,1700,179
R235509272,NULL,1700,179
R062693968,NULL,1700,179
R922202971,NULL,1700,179
R851679578,NULL,1700,179
R552123750,NULL,1700,179
R700695072,NULL,1700,179
R167468205,NULL,1700,179
R794517237,NULL,1700,179
R501848254,NULL,1700,179
R356447572,NULL,1700,179
R053708664,NULL,1700,179
R999592541,NULL,1700,179
R248754814,NULL,1700,179
R957577217,NULL,1700,179
R116525471,NULL,1700,179
R616549902,NULL,1700,179
R087282648,NULL,1700,179
R603390491,NULL,1700,179
R443231939,NULL,1700,179
R591559052,NULL,1700,179
R272273692,NULL,1700,179
R419979746,NULL,1700,179
R209854008,NULL,1700,179
R066823306,NULL,1700,179
R175034633,NULL,1700,179
R407848364,NULL,1700,179
R976547865,NULL,1700,179
R093388680,NULL,1700,179
R541839448,NULL,1700,179
R908393245,NULL,1700,179
R439761950,NULL,1700,179
R406579654,NULL,1700,179
R070609707,NULL,1700,179
R007604304,NULL,1700,179
R986918040,NULL,1700,179
R759912599,NULL,1700,179
R654069907,NULL,1700,179
R423109270,NULL,1700,179
R746956515,NULL,1700,179
R572191685,NULL,1700,179
R720173564,NULL,1700,179
R252371306,NULL,1700,179
R865832639,NULL,1700,179
R481867793,NULL,1700,179
R152131529,NULL,1700,179
R552527960,NULL,1700,179
R179051437,NULL,1700,179
R579290887,NULL,1700,179
R429945896,NULL,1700,179
R436421833,NULL,1700,179
R543883358,NULL,1700,179
R700895194,NULL,1700,179
R440121873,NULL,1700,179
R501703363,NULL,1700,179
R667942781,NULL,1700,179
R445014159,NULL,1700,179
R215637329,NULL,1700,179
R541104149,NULL,1700,179
R992045070,NULL,1700,179
R526777282,NULL,1700,179
R441445417,NULL,1700,179
R133642643,NULL,1700,179
R817370795,NULL,1700,179
R528250520,NULL,1700,179
R485233614,NULL,1700,179
R282281815,NULL,1700,179
R209514137,NULL,1700,179
R297062923,NULL,1700,179
R053733621,NULL,1700,179
R131606644,NULL,1700,179
R230213150,NULL,1700,179
R141549271,NULL,1700,179
R631399754,NULL,1700,179
R011062148,NULL,1700,179
R150476484,NULL,1700,179
R049854431,NULL,1700,179
R070289760,NULL,1700,179
R641950899,NULL,1700,179
R537851759,NULL,1700,179
R251219682,NULL,1700,179
R216273012,NULL,1700,179
R514383212,NULL,1700,179
R829914516,NULL,1700,179
R575796426,NULL,1700,179
R646903285,NULL,1700,179
R398165499,NULL,1700,179
R377256419,NULL,1700,179
R833593029,NULL,1700,179
R645510880,NULL,1700,179
R733083329,NULL,1700,179
R152427668,NULL,1700,179
R162808896,NULL,1700,179
R685965952,NULL,1700,179
R747703434,NULL,1700,179
R529882378,NULL,1700,179
R751552563,NULL,1700,179
R850096331,NULL,1700,179
R101196376,"CCAvenue ₹1,700.00",1700,179
R973845196,NULL,1700,179
R972377957,NULL,1700,179
R568992705,NULL,1700,179
R878527435,NULL,1700,179
R573471872,NULL,1700,179
R749090416,NULL,1700,179
R316775100,NULL,1700,179
R905017688,NULL,1700,179
R241428313,NULL,1700,179
R627938096,NULL,1700,179
R509154252,NULL,1700,179
R084483035,NULL,1700,179
R289280457,NULL,1700,179
R069160494,NULL,1700,179
R656619107,NULL,1700,179
R149360401,NULL,1700,179
R378352752,NULL,1700,179
R041655958,NULL,1700,179
R789600151,NULL,1700,179
R938857318,NULL,1700,179
R354121056,NULL,1700,179
R816431866,NULL,1700,179
R416948516,NULL,1700,179
R867790548,NULL,1700,179
R919181637,NULL,1700,179
R201263792,NULL,1700,179
R146432588,NULL,1700,179
R784494867,NULL,1700,179
R735667509,NULL,1700,179
R412261661,NULL,1700,179
R544948584,NULL,1700,179
R511196254,NULL,1700,179
R735970000,NULL,1700,179
R197240566,NULL,1700,179
R628654425,NULL,1700,179
R645885218,NULL,1700,179
R234744949,NULL,1700,179
R718899795,NULL,1700,179
R545622796,NULL,1700,179
R425223018,NULL,1700,179
R655619849,NULL,1700,179
R222685718,NULL,1700,179
R650719006,NULL,1700,179
R541126524,NULL,1700,179
R405374115,NULL,1700,179
R789916248,NULL,1700,179
R244921243,NULL,1699,63
R289383365,NULL,1699,63
R605041441,NULL,1699,63
R577330980,NULL,1699,63
R229503254,NULL,1699,63
R592237340,NULL,1699,63
R934621273,NULL,1699,63
R141952267,NULL,1699,63
R655937935,NULL,1699,63
R139942460,NULL,1699,63
R321672934,NULL,1699,63
R335300838,NULL,1699,63
R290800742,NULL,1699,63
R188693731,NULL,1699,63
R061505196,NULL,1699,63
R184449705,NULL,1699,63
R644005812,NULL,1699,63
R431125666,NULL,1699,63
R643375187,NULL,1699,63
R389342179,NULL,1699,63
R239123133,NULL,1699,63
R942242377,NULL,1699,63
R416551088,NULL,1699,63
R895246586,NULL,1699,63
R149774885,NULL,1699,63
R640815535,NULL,1699,63
R313485496,NULL,1699,63
R973431445,NULL,1699,63
R281211668,NULL,1699,63
R457501687,NULL,1699,63
R056247569,NULL,1699,63
R700466107,NULL,1699,63
R897687721,NULL,1699,63
R139228200,NULL,1699,63
R567738509,NULL,1699,63
R890384051,NULL,1699,63
R086903794,NULL,1699,63
R078285742,NULL,1699,63
R594792277,NULL,1699,63
R770668004,NULL,1699,63
R732748551,NULL,1699,63
R477585310,NULL,1699,63
R095873566,NULL,1699,63
R227293674,NULL,1699,63
R050634847,NULL,1699,63
R266736448,NULL,1699,63
R300413982,NULL,1699,63
R373418287,NULL,1699,63
R724263016,NULL,1699,63
R955852055,NULL,1699,63
R605268246,NULL,1699,63
R833908312,NULL,1699,63
R218504597,NULL,1699,63
R860375125,NULL,1699,63
R269266419,NULL,1699,63
R428423429,NULL,1699,63
R263971436,NULL,1699,63
R397756420,NULL,1699,63
R787770050,NULL,1699,63
R761063733,NULL,1699,63
R175332932,"Offline Payment ₹1,699.00",1699,63
R426010850,NULL,1699,63
R338440022,NULL,1699,63
R506596067,NULL,1698,1
R799529637,NULL,1650,36
R210875960,NULL,1650,36
R431963521,NULL,1650,36
R225281386,NULL,1650,36
R860101990,NULL,1650,36
R955707102,NULL,1650,36
R409768787,NULL,1650,36
R117616780,NULL,1650,36
R140042613,NULL,1650,36
R725411317,NULL,1650,36
R781508628,NULL,1650,36
R696724744,NULL,1650,36
R327554779,NULL,1650,36
R617851475,NULL,1650,36
R306733351,NULL,1650,36
R362947126,NULL,1650,36
R100198584,NULL,1650,36
R458492485,NULL,1650,36
R905911779,NULL,1650,36
R274800735,NULL,1650,36
R690450320,NULL,1650,36
R309947696,NULL,1650,36
R194562085,NULL,1650,36
R120470240,NULL,1650,36
R159526204,NULL,1650,36
R766218720,NULL,1650,36
R620265574,NULL,1650,36
R204125907,NULL,1650,36
R078284070,NULL,1650,36
R050918593,NULL,1650,36
R658926056,NULL,1650,36
R165535750,NULL,1650,36
R641832152,NULL,1650,36
R801540980,NULL,1650,36
R988675786,NULL,1650,36
R854136666,NULL,1650,36
R635838546,NULL,1649,48
R119560417,NULL,1649,48
R442958782,NULL,1649,48
R740204231,NULL,1649,48
R767953329,NULL,1649,48
R635386684,NULL,1649,48
R409224782,NULL,1649,48
R564680065,NULL,1649,48
R361496071,NULL,1649,48
R800399695,NULL,1649,48
R057253664,NULL,1649,48
R624761417,NULL,1649,48
R256528344,NULL,1649,48
R574994869,NULL,1649,48
R387065415,NULL,1649,48
R681150454,NULL,1649,48
R985585085,NULL,1649,48
R082428443,NULL,1649,48
R584034526,NULL,1649,48
R195509147,NULL,1649,48
R257533174,NULL,1649,48
R186693790,NULL,1649,48
R484627070,NULL,1649,48
R128905153,NULL,1649,48
R642573869,NULL,1649,48
R966490130,NULL,1649,48
R075764976,NULL,1649,48
R103223316,NULL,1649,48
R480973552,NULL,1649,48
R939639691,NULL,1649,48
R239003033,NULL,1649,48
R860590035,NULL,1649,48
R863270956,NULL,1649,48
R243658972,NULL,1649,48
R101235542,NULL,1649,48
R144876065,NULL,1649,48
R985178233,NULL,1649,48
R244798615,NULL,1649,48
R722656177,NULL,1649,48
R640966929,NULL,1649,48
R250018257,NULL,1649,48
R776961991,NULL,1649,48
R152226029,NULL,1649,48
R010707163,NULL,1649,48
R591289965,NULL,1649,48
R036707412,NULL,1649,48
R367349704,NULL,1649,48
R016989921,NULL,1649,48
R397695809,NULL,1600,1
R673010785,NULL,1599,8
R248452981,NULL,1599,8
R666715608,NULL,1599,8
R076157533,NULL,1599,8
R211199456,NULL,1599,8
R164588859,NULL,1599,8
R121668029,NULL,1599,8
R628883977,"CCAvenue ₹1,599.00",1599,8
R458083867,NULL,1598,10
R767232267,NULL,1598,10
R865022117,NULL,1598,10
R036602829,NULL,1598,10
R146629699,NULL,1598,10
R846541704,NULL,1598,10
R707030500,NULL,1598,10
R703578275,NULL,1598,10
R595057484,NULL,1598,10
R969138529,NULL,1598,10
R037812232,"CCAvenue ₹1,596.00",1596,1
R712101280,NULL,1550,1
R825653234,NULL,1549,1
R866078851,NULL,1548,1
R402373449,NULL,1499,129
R674149762,NULL,1499,129
R562222626,NULL,1499,129
R676706569,NULL,1499,129
R868236652,NULL,1499,129
R090898776,NULL,1499,129
R095721078,NULL,1499,129
R789781678,NULL,1499,129
R086876994,NULL,1499,129
R800615030,NULL,1499,129
R460573625,NULL,1499,129
R074277499,NULL,1499,129
R445317372,NULL,1499,129
R698237594,NULL,1499,129
R184204604,"Offline Payment ₹1,499.00",1499,129
R001642092,NULL,1499,129
R390447861,NULL,1499,129
R682749245,NULL,1499,129
R884588214,NULL,1499,129
R064059788,NULL,1499,129
R157311864,NULL,1499,129
R767568536,"CCAvenue ₹1,499.00;Offline Payment -₹1,499.00",1499,129
R695971949,NULL,1499,129
R735023588,NULL,1499,129
R054597830,NULL,1499,129
R631435499,"CCAvenue ₹1,499.00",1499,129
R673711334,"CCAvenue ₹1,499.00",1499,129
R666589310,NULL,1499,129
R336311771,NULL,1499,129
R165352636,NULL,1499,129
R925529980,NULL,1499,129
R878053082,"Offline Payment ₹1,499.00",1499,129
R237851037,"Offline Payment ₹1,499.00",1499,129
R320933944,"Offline Payment ₹1,499.00",1499,129
R929783929,NULL,1499,129
R467146433,NULL,1499,129
R005263393,"CCAvenue ₹1,499.00",1499,129
R780235057,NULL,1499,129
R327716669,NULL,1499,129
R775690511,NULL,1499,129
R823277429,NULL,1499,129
R500560090,NULL,1499,129
R958147313,"Offline Payment ₹1,499.00",1499,129
R656625777,NULL,1499,129
R769031246,NULL,1499,129
R634204662,NULL,1499,129
R056151644,NULL,1499,129
R957147471,NULL,1499,129
R328276928,NULL,1499,129
R656519423,NULL,1499,129
R899640769,"Offline Payment ₹1,499.00",1499,129
R503267101,"Offline Payment ₹1,499.00",1499,129
R040743884,NULL,1499,129
R213472046,"Offline Payment ₹1,499.00",1499,129
R149791312,NULL,1499,129
R271702717,NULL,1499,129
R778481123,"Offline Payment ₹1,499.00",1499,129
R341990561,"Offline Payment ₹1,499.00",1499,129
R602172434,NULL,1499,129
R804491043,"Offline Payment ₹1,499.00",1499,129
R727610089,"Offline Payment ₹1,499.00",1499,129
R824228880,"Offline Payment ₹1,499.00",1499,129
R254040176,NULL,1499,129
R308425055,NULL,1499,129
R129976393,NULL,1499,129
R139328950,"Offline Payment ₹1,499.00",1499,129
R168244527,NULL,1499,129
R923595803,"Offline Payment ₹1,499.00",1499,129
R881434690,NULL,1499,129
R630560337,"Offline Payment ₹1,499.00",1499,129
R709902352,"CCAvenue ₹1,499.00",1499,129
R256794024,"Offline Payment ₹1,499.00",1499,129
R911458244,"Offline Payment ₹1,499.00",1499,129
R297747753,NULL,1499,129
R890975350,NULL,1499,129
R617236184,NULL,1499,129
R990440081,NULL,1499,129
R839804488,NULL,1499,129
R122837530,NULL,1499,129
R109619671,NULL,1499,129
R742345141,NULL,1499,129
R380066867,NULL,1499,129
R043481936,NULL,1499,129
R565691343,NULL,1499,129
R890763465,NULL,1499,129
R328093171,NULL,1499,129
R012817059,NULL,1499,129
R995117408,NULL,1499,129
R145832613,NULL,1499,129
R084141016,NULL,1499,129
R559514794,NULL,1499,129
R389345928,NULL,1499,129
R919074627,NULL,1499,129
R080880446,NULL,1499,129
R058983403,NULL,1499,129
R723477180,NULL,1499,129
R387671062,NULL,1499,129
R964745414,NULL,1499,129
R940225951,NULL,1499,129
R510983317,NULL,1499,129
R308550709,NULL,1499,129
R311023012,NULL,1499,129
R636548404,NULL,1499,129
R903583335,NULL,1499,129
R455473934,NULL,1499,129
R732418505,NULL,1499,129
R906876627,NULL,1499,129
R052827700,NULL,1499,129
R899330395,NULL,1499,129
R059423435,NULL,1499,129
R782208184,NULL,1499,129
R157420051,NULL,1499,129
R763038627,NULL,1499,129
R250169838,NULL,1499,129
R901600313,NULL,1499,129
R976796340,NULL,1499,129
R364356968,NULL,1499,129
R916053681,NULL,1499,129
R790684817,NULL,1499,129
R496335302,NULL,1499,129
R586022426,NULL,1499,129
R317558111,NULL,1499,129
R492662773,NULL,1499,129
R551396592,NULL,1499,129
R166955487,NULL,1499,129
R879663006,NULL,1499,129
R204461089,"CCAvenue ₹1,499.00",1499,129
R561702233,NULL,1499,129
R292148305,NULL,1499,129
R275518736,NULL,1467,1
R847754781,NULL,1449,8
R230623821,NULL,1449,8
R673396239,NULL,1449,8
R218839825,NULL,1449,8
R746918477,NULL,1449,8
R505645098,NULL,1449,8
R050033494,NULL,1449,8
R911054900,NULL,1449,8
R020398382,NULL,1399,29
R623429114,"Offline Payment ₹1,399.00",1399,29
R242919160,"Offline Payment ₹1,399.00",1399,29
R868427981,"Offline Payment ₹1,399.00",1399,29
R968257365,"CCAvenue ₹1,399.00",1399,29
R676668141,NULL,1399,29
R351513884,NULL,1399,29
R296193655,NULL,1399,29
R809829918,NULL,1399,29
R225987764,NULL,1399,29
R785230035,"Offline Payment ₹1,399.00;Offline Payment -₹1,399.00",1399,29
R431361579,NULL,1399,29
R972703549,"CCAvenue ₹1,399.00",1399,29
R972310139,"Offline Payment ₹1,399.00",1399,29
R189488869,"Offline Payment ₹1,399.00",1399,29
R298310253,NULL,1399,29
R305398828,"Offline Payment ₹1,399.00",1399,29
R978748431,"CCAvenue ₹1,399.00",1399,29
R352091197,"CCAvenue ₹1,399.00",1399,29
R537553001,NULL,1399,29
R536409760,NULL,1399,29
R832921167,NULL,1399,29
R907342740,NULL,1399,29
R979632173,NULL,1399,29
R273893215,"Offline Payment ₹1,399.00",1399,29
R793968146,"Offline Payment ₹1,399.00",1399,29
R888243142,NULL,1399,29
R314523892,"CCAvenue ₹1,399.00",1399,29
R352120795,NULL,1399,29
R012759510,NULL,1398,9
R704966584,NULL,1398,9
R434432314,NULL,1398,9
R151723267,NULL,1398,9
R943760860,NULL,1398,9
R189363018,NULL,1398,9
R760459169,NULL,1398,9
R490921553,NULL,1398,9
R194134307,NULL,1398,9
R323497934,NULL,1300,2
R893184328,NULL,1300,2
R390258763,NULL,1299,61
R260705741,NULL,1299,61
R003801981,NULL,1299,61
R214085517,NULL,1299,61
R820196177,NULL,1299,61
R581976489,NULL,1299,61
R567667656,NULL,1299,61
R689943083,NULL,1299,61
R489344241,NULL,1299,61
R208584813,NULL,1299,61
R136410741,NULL,1299,61
R025751613,NULL,1299,61
R284601621,NULL,1299,61
R017011611,NULL,1299,61
R892793788,NULL,1299,61
R825185367,NULL,1299,61
R169073719,NULL,1299,61
R489312330,NULL,1299,61
R405879008,NULL,1299,61
R486658449,"CCAvenue ₹1,299.00",1299,61
R172124188,NULL,1299,61
R134754754,NULL,1299,61
R115807537,NULL,1299,61
R318656226,NULL,1299,61
R327132193,NULL,1299,61
R014615190,NULL,1299,61
R489912281,NULL,1299,61
R688233871,NULL,1299,61
R949004073,NULL,1299,61
R889558835,"CCAvenue ₹1,299.00",1299,61
R467020748,NULL,1299,61
R427612487,NULL,1299,61
R166587372,NULL,1299,61
R572564026,NULL,1299,61
R459354370,NULL,1299,61
R997884572,NULL,1299,61
R510069302,NULL,1299,61
R281725620,NULL,1299,61
R498344797,NULL,1299,61
R178403041,NULL,1299,61
R326163266,NULL,1299,61
R970314517,NULL,1299,61
R527826878,NULL,1299,61
R661170481,NULL,1299,61
R670026310,NULL,1299,61
R274835559,"CCAvenue ₹1,299.00",1299,61
R730638873,NULL,1299,61
R981330582,NULL,1299,61
R420985197,NULL,1299,61
R386346008,NULL,1299,61
R846366988,NULL,1299,61
R723289710,NULL,1299,61
R348440221,NULL,1299,61
R295806002,NULL,1299,61
R706347646,NULL,1299,61
R863082092,"CCAvenue ₹1,299.00",1299,61
R764551055,"CCAvenue ₹1,299.00",1299,61
R358194048,NULL,1299,61
R573105185,"CCAvenue ₹1,299.00",1299,61
R463606328,NULL,1299,61
R462085136,NULL,1299,61
R245040756,NULL,1249,2
R818846139,NULL,1249,2
R430895567,"Offline Payment ₹1,199.00",1199,28
R891195397,NULL,1199,28
R633015585,"Offline Payment ₹1,199.00",1199,28
R474672403,NULL,1199,28
R493273218,NULL,1199,28
R773282945,NULL,1199,28
R353267685,NULL,1199,28
R788269109,NULL,1199,28
R283631937,NULL,1199,28
R898500260,NULL,1199,28
R190698676,"Offline Payment ₹1,199.00",1199,28
R210559258,NULL,1199,28
R650588302,NULL,1199,28
R116965176,NULL,1199,28
R554253768,NULL,1199,28
R347495361,NULL,1199,28
R123957972,"Offline Payment ₹1,199.00",1199,28
R102371167,"Offline Payment ₹1,199.00",1199,28
R440978610,NULL,1199,28
R783655889,NULL,1199,28
R722593401,NULL,1199,28
R563293854,NULL,1199,28
R475634178,"Offline Payment ₹1,199.00",1199,28
R158726965,"Offline Payment ₹1,199.00",1199,28
R008303876,NULL,1199,28
R718754077,NULL,1199,28
R397810798,NULL,1199,28
R959323874,NULL,1199,28
R602415903,NULL,1168,1
R885030606,"Offline Payment ₹1,166.10",1166.1,1
R741383385,NULL,1149,1
R369125709,NULL,1099,7
R350739176,NULL,1099,7
R054051627,"Offline Payment ₹1,099.00",1099,7
R257655826,"Offline Payment ₹1,099.00;Offline Payment -₹1,099.00",1099,7
R074344524,"CCAvenue ₹1,099.00",1099,7
R544536843,"Offline Payment ₹1,099.00",1099,7
R499288202,NULL,1099,7
R059385793,NULL,1098,2
R658698826,NULL,1098,2
R155898061,"Offline Payment ₹1,095.00",1095,1
R001169829,"Offline Payment ₹1,050.00",1050,1
R808008112,NULL,1000,3
R481650696,NULL,1000,3
R679506806,NULL,1000,3
R291498733,NULL,999,173
R364560966,NULL,999,173
R806094650,NULL,999,173
R342406862,NULL,999,173
R831140805,NULL,999,173
R605855328,NULL,999,173
R446354324,NULL,999,173
R315870820,NULL,999,173
R380609099,NULL,999,173
R364360705,NULL,999,173
R425844616,NULL,999,173
R473442444,NULL,999,173
R309396147,NULL,999,173
R156835775,NULL,999,173
R995755366,NULL,999,173
R816641993,NULL,999,173
R992585714,NULL,999,173
R047393520,NULL,999,173
R820634430,NULL,999,173
R718150658,NULL,999,173
R063719115,NULL,999,173
R610036867,NULL,999,173
R919387377,NULL,999,173
R543330856,NULL,999,173
R336414530,NULL,999,173
R083880542,NULL,999,173
R103334568,NULL,999,173
R024772512,NULL,999,173
R436780750,NULL,999,173
R019853621,NULL,999,173
R533665293,NULL,999,173
R754638660,NULL,999,173
R513882916,NULL,999,173
R224377947,NULL,999,173
R127779572,NULL,999,173
R198613555,NULL,999,173
R148922530,NULL,999,173
R814796795,NULL,999,173
R334931728,NULL,999,173
R407213993,NULL,999,173
R352459664,NULL,999,173
R200194908,NULL,999,173
R291683958,NULL,999,173
R606952293,NULL,999,173
R155531826,NULL,999,173
R742161602,NULL,999,173
R489483684,NULL,999,173
R255717552,NULL,999,173
R995901905,NULL,999,173
R972810994,NULL,999,173
R761856525,NULL,999,173
R365614971,NULL,999,173
R550313418,NULL,999,173
R763168708,NULL,999,173
R360291190,NULL,999,173
R029820444,NULL,999,173
R995926303,NULL,999,173
R105192212,NULL,999,173
R176000188,NULL,999,173
R712916372,NULL,999,173
R090868770,NULL,999,173
R022857144,NULL,999,173
R553362385,NULL,999,173
R117985722,NULL,999,173
R319386274,NULL,999,173
R883940847,NULL,999,173
R467684219,NULL,999,173
R502654225,NULL,999,173
R394018544,NULL,999,173
R875418116,NULL,999,173
R606372999,NULL,999,173
R613842829,NULL,999,173
R738086574,NULL,999,173
R312491646,NULL,999,173
R347614385,NULL,999,173
R517374969,NULL,999,173
R322775038,NULL,999,173
R513117553,NULL,999,173
R735926747,NULL,999,173
R533991358,NULL,999,173
R292059632,NULL,999,173
R274488030,NULL,999,173
R148577245,NULL,999,173
R058595809,NULL,999,173
R711605752,NULL,999,173
R823094943,NULL,999,173
R144406090,NULL,999,173
R819196161,NULL,999,173
R901727655,NULL,999,173
R666061613,NULL,999,173
R872890481,NULL,999,173
R317048870,NULL,999,173
R299286513,NULL,999,173
R751000636,NULL,999,173
R078544045,NULL,999,173
R614079306,NULL,999,173
R561181284,NULL,999,173
R074114330,NULL,999,173
R479505775,NULL,999,173
R068307681,NULL,999,173
R341100024,NULL,999,173
R779081871,NULL,999,173
R301251609,NULL,999,173
R173363540,NULL,999,173
R874623698,NULL,999,173
R201233126,NULL,999,173
R419440058,NULL,999,173
R580295106,NULL,999,173
R522452664,NULL,999,173
R113535804,CCAvenue ₹999.00,999,173
R315293990,NULL,999,173
R932067273,NULL,999,173
R752754748,NULL,999,173
R744464752,NULL,999,173
R415533659,NULL,999,173
R576582743,NULL,999,173
R362490175,NULL,999,173
R676063922,NULL,999,173
R133153945,NULL,999,173
R407803580,NULL,999,173
R813951878,NULL,999,173
R432892986,NULL,999,173
R136182140,NULL,999,173
R719829178,NULL,999,173
R864236976,NULL,999,173
R062492524,NULL,999,173
R897439596,NULL,999,173
R591966639,NULL,999,173
R666473917,NULL,999,173
R653235990,NULL,999,173
R614656111,NULL,999,173
R388532307,NULL,999,173
R863041869,NULL,999,173
R674451042,NULL,999,173
R638707253,NULL,999,173
R879062039,NULL,999,173
R929416108,NULL,999,173
R973625230,NULL,999,173
R238743449,NULL,999,173
R023075615,NULL,999,173
R517860887,NULL,999,173
R313476802,NULL,999,173
R290283524,NULL,999,173
R878807203,NULL,999,173
R514744829,NULL,999,173
R691149261,NULL,999,173
R753879667,NULL,999,173
R489406868,NULL,999,173
R862000555,NULL,999,173
R068827376,Offline Payment ₹999.00,999,173
R473909668,Offline Payment ₹999.00,999,173
R824749358,Offline Payment ₹999.00,999,173
R812096082,NULL,999,173
R832645374,NULL,999,173
R544302059,NULL,999,173
R022168478,NULL,999,173
R064962006,NULL,999,173
R980231393,NULL,999,173
R001008491,NULL,999,173
R136828097,NULL,999,173
R263430997,NULL,999,173
R246610005,NULL,999,173
R080600970,NULL,999,173
R685477859,NULL,999,173
R713069199,NULL,999,173
R067386013,Offline Payment ₹999.00,999,173
R032528456,NULL,999,173
R668569170,NULL,999,173
R006132099,NULL,999,173
R992470574,NULL,999,173
R538455839,Offline Payment ₹999.00,999,173
R249818826,Offline Payment ₹999.00,999,173
R708175512,Offline Payment ₹999.00,999,173
R549902717,NULL,949,6
R380537990,NULL,949,6
R857896522,NULL,949,6
R306529245,NULL,949,6
R957437477,NULL,949,6
R689558836,NULL,949,6
R317723982,NULL,899,124
R095776263,NULL,899,124
R451598594,NULL,899,124
R443899516,NULL,899,124
R403268922,NULL,899,124
R949908434,NULL,899,124
R257505594,NULL,899,124
R384393589,NULL,899,124
R537430941,NULL,899,124
R204567155,NULL,899,124
R393720042,NULL,899,124
R713940864,NULL,899,124
R040313812,NULL,899,124
R691659918,NULL,899,124
R124901935,NULL,899,124
R639133637,NULL,899,124
R292238720,NULL,899,124
R193138885,NULL,899,124
R083387656,NULL,899,124
R874136417,NULL,899,124
R174302180,NULL,899,124
R205847103,NULL,899,124
R418159531,NULL,899,124
R662967152,NULL,899,124
R091554910,NULL,899,124
R726325086,NULL,899,124
R068314945,NULL,899,124
R770425116,NULL,899,124
R989563105,NULL,899,124
R176410458,NULL,899,124
R789041924,NULL,899,124
R049385784,NULL,899,124
R384122369,NULL,899,124
R916691074,NULL,899,124
R565806072,NULL,899,124
R423332350,NULL,899,124
R392760598,NULL,899,124
R824622158,NULL,899,124
R274631922,NULL,899,124
R305694391,NULL,899,124
R743490771,NULL,899,124
R101209111,NULL,899,124
R185331368,NULL,899,124
R874521629,NULL,899,124
R289397718,NULL,899,124
R970038764,NULL,899,124
R596137108,NULL,899,124
R665000494,NULL,899,124
R753611380,NULL,899,124
R982570614,NULL,899,124
R549027544,NULL,899,124
R228829328,NULL,899,124
R902149161,NULL,899,124
R466758481,NULL,899,124
R678898449,NULL,899,124
R795923979,NULL,899,124
R306171453,NULL,899,124
R002058833,NULL,899,124
R761911118,NULL,899,124
R677554559,NULL,899,124
R798141626,NULL,899,124
R358503688,NULL,899,124
R410237790,NULL,899,124
R243693929,NULL,899,124
R100683593,NULL,899,124
R760020729,NULL,899,124
R998592111,NULL,899,124
R837536369,NULL,899,124
R910902374,NULL,899,124
R586865524,NULL,899,124
R317743074,NULL,899,124
R180843131,NULL,899,124
R541845500,NULL,899,124
R668948833,NULL,899,124
R742784807,NULL,899,124
R669970600,NULL,899,124
R905878457,NULL,899,124
R714209059,NULL,899,124
R036488398,NULL,899,124
R908361201,NULL,899,124
R351497346,NULL,899,124
R781815747,NULL,899,124
R467567108,NULL,899,124
R941291096,NULL,899,124
R404970853,NULL,899,124
R653008793,NULL,899,124
R126905978,NULL,899,124
R583341836,NULL,899,124
R318069662,NULL,899,124
R942105424,NULL,899,124
R036032578,NULL,899,124
R373881489,NULL,899,124
R165656690,NULL,899,124
R056328544,NULL,899,124
R887387786,NULL,899,124
R086563548,NULL,899,124
R739524945,NULL,899,124
R546253861,NULL,899,124
R776289280,NULL,899,124
R981345987,NULL,899,124
R779017744,NULL,899,124
R802607571,NULL,899,124
R465112230,NULL,899,124
R031015770,NULL,899,124
R456726388,NULL,899,124
R415399873,NULL,899,124
R599144120,NULL,899,124
R349310659,NULL,899,124
R111916793,NULL,899,124
R369161803,NULL,899,124
R714045489,NULL,899,124
R660775036,NULL,899,124
R492143324,NULL,899,124
R207641888,NULL,899,124
R558074257,NULL,899,124
R731084527,NULL,899,124
R655513384,NULL,899,124
R595961052,NULL,899,124
R151999542,NULL,899,124
R972589975,Offline Payment ₹899.00,899,124
R731646556,Offline Payment ₹899.00,899,124
R505053625,NULL,899,124
R703672761,Offline Payment ₹899.00,899,124
R778144943,Offline Payment ₹899.00,899,124
R935831644,NULL,897,1
R756519524,Offline Payment ₹849.00,849,10
R870900181,Offline Payment ₹849.00,849,10
R877313793,NULL,849,10
R008261517,NULL,849,10
R350182308,NULL,849,10
R647547439,NULL,849,10
R098372882,NULL,849,10
R775298392,NULL,849,10
R389367267,NULL,849,10
R272579076,NULL,849,10
R470443071,NULL,800,7
R315516873,NULL,800,7
R058482877,NULL,800,7
R392715502,NULL,800,7
R876037469,Offline Payment ₹800.00,800,7
R227050475,NULL,800,7
R447272499,CCAvenue ₹800.00,800,7
R465436454,NULL,799,380
R526519183,NULL,799,380
R694465439,NULL,799,380
R347400283,NULL,799,380
R926797318,CCAvenue ₹799.00,799,380
R378804224,NULL,799,380
R865122749,NULL,799,380
R490120569,NULL,799,380
R158618274,Offline Payment ₹799.00,799,380
R083874909,CCAvenue ₹799.00,799,380
R533294420,Offline Payment ₹799.00,799,380
R419713343,NULL,799,380
R229204848,Offline Payment ₹799.00,799,380
R767513563,NULL,799,380
R378354116,NULL,799,380
R363930769,Offline Payment ₹799.00,799,380
R539428938,NULL,799,380
R437481487,Offline Payment ₹799.00,799,380
R130317373,NULL,799,380
R093219933,Offline Payment ₹799.00,799,380
R299573694,NULL,799,380
R669848954,NULL,799,380
R899111667,NULL,799,380
R106402808,NULL,799,380
R167112486,Offline Payment ₹799.00,799,380
R561364746,NULL,799,380
R446234509,Offline Payment ₹799.00,799,380
R110315595,NULL,799,380
R893001543,Offline Payment ₹799.00,799,380
R036411541,NULL,799,380
R754376723,NULL,799,380
R784681425,NULL,799,380
R103039410,Offline Payment ₹799.00,799,380
R458320403,NULL,799,380
R255748743,NULL,799,380
R588899280,NULL,799,380
R501519862,NULL,799,380
R393512635,NULL,799,380
R730471343,NULL,799,380
R747151460,NULL,799,380
R845003692,NULL,799,380
R294152658,NULL,799,380
R932147816,NULL,799,380
R011105915,NULL,799,380
R897657816,NULL,799,380
R998953239,NULL,799,380
R246722091,NULL,799,380
R088582750,NULL,799,380
R949520257,NULL,799,380
R121580964,NULL,799,380
R345352143,NULL,799,380
R269079112,NULL,799,380
R330167916,NULL,799,380
R410671924,NULL,799,380
R996328544,NULL,799,380
R116757330,NULL,799,380
R868177045,NULL,799,380
R330671631,NULL,799,380
R466875895,NULL,799,380
R708014305,NULL,799,380
R932462731,NULL,799,380
R004457252,NULL,799,380
R534151508,NULL,799,380
R731925368,NULL,799,380
R074405336,NULL,799,380
R651169338,NULL,799,380
R228553880,NULL,799,380
R000971705,NULL,799,380
R810112728,NULL,799,380
R096749454,NULL,799,380
R644183764,NULL,799,380
R102667363,NULL,799,380
R995257827,NULL,799,380
R582319525,NULL,799,380
R682637068,NULL,799,380
R417817676,NULL,799,380
R930692718,NULL,799,380
R038621684,NULL,799,380
R178901320,NULL,799,380
R504446309,NULL,799,380
R784462041,NULL,799,380
R788777070,NULL,799,380
R433250885,NULL,799,380
R433330639,NULL,799,380
R952765731,NULL,799,380
R325241847,NULL,799,380
R456565975,NULL,799,380
R466237330,NULL,799,380
R616083911,NULL,799,380
R105052360,NULL,799,380
R559944014,NULL,799,380
R712641754,NULL,799,380
R246544171,NULL,799,380
R328822827,NULL,799,380
R237008566,NULL,799,380
R648764286,NULL,799,380
R293356427,NULL,799,380
R342837528,NULL,799,380
R565918143,NULL,799,380
R816517371,NULL,799,380
R907421415,NULL,799,380
R576314737,NULL,799,380
R655312241,NULL,799,380
R582448801,NULL,799,380
R849338827,NULL,799,380
R325304842,NULL,799,380
R744935945,NULL,799,380
R252179945,NULL,799,380
R389011121,NULL,799,380
R883745118,NULL,799,380
R106625293,NULL,799,380
R693105117,NULL,799,380
R594107771,NULL,799,380
R896875032,NULL,799,380
R774731381,NULL,799,380
R505142899,NULL,799,380
R680523880,NULL,799,380
R139794627,NULL,799,380
R881208929,NULL,799,380
R225313073,NULL,799,380
R780100148,NULL,799,380
R133897442,NULL,799,380
R726608347,NULL,799,380
R032259616,NULL,799,380
R296675796,NULL,799,380
R219278064,NULL,799,380
R729962745,NULL,799,380
R785750856,NULL,799,380
R711307317,NULL,799,380
R703424844,NULL,799,380
R592858429,NULL,799,380
R312471634,NULL,799,380
R555270765,NULL,799,380
R487249580,NULL,799,380
R362463430,NULL,799,380
R230117509,NULL,799,380
R049043526,NULL,799,380
R648084735,NULL,799,380
R523891620,NULL,799,380
R878192953,NULL,799,380
R370579579,NULL,799,380
R923404630,NULL,799,380
R324709872,NULL,799,380
R266031827,NULL,799,380
R278993830,NULL,799,380
R370305228,NULL,799,380
R091936080,NULL,799,380
R004616634,NULL,799,380
R638208952,CCAvenue ₹799.00,799,380
R237436737,NULL,799,380
R210109472,NULL,799,380
R969704071,NULL,799,380
R925176095,NULL,799,380
R900669311,NULL,799,380
R350894200,NULL,799,380
R731562931,NULL,799,380
R100679137,NULL,799,380
R754181564,NULL,799,380
R571305198,NULL,799,380
R552626254,NULL,799,380
R915553979,NULL,799,380
R037357178,NULL,799,380
R915796482,NULL,799,380
R300719886,NULL,799,380
R061279509,NULL,799,380
R978753342,NULL,799,380
R937246766,NULL,799,380
R018129882,NULL,799,380
R923143531,NULL,799,380
R445352339,NULL,799,380
R736380888,NULL,799,380
R585536494,NULL,799,380
R625733841,NULL,799,380
R219600870,NULL,799,380
R317511992,NULL,799,380
R413920471,NULL,799,380
R393619901,NULL,799,380
R006558100,NULL,799,380
R603006062,NULL,799,380
R675723260,NULL,799,380
R161559732,NULL,799,380
R454803059,NULL,799,380
R293195224,NULL,799,380
R292156467,NULL,799,380
R601705143,NULL,799,380
R855877422,NULL,799,380
R514135538,NULL,799,380
R417095041,NULL,799,380
R099500679,NULL,799,380
R107280516,NULL,799,380
R186543876,NULL,799,380
R449557355,NULL,799,380
R368471693,NULL,799,380
R031743107,NULL,799,380
R371110569,NULL,799,380
R146663850,NULL,799,380
R209010607,NULL,799,380
R876865540,NULL,799,380
R269969565,NULL,799,380
R688602102,NULL,799,380
R770532655,NULL,799,380
R450316768,NULL,799,380
R851293712,CCAvenue ₹799.00,799,380
R920353976,NULL,799,380
R414867413,NULL,799,380
R231479021,Offline Payment ₹799.00,799,380
R028735935,NULL,799,380
R969241679,NULL,799,380
R704831169,NULL,799,380
R145780573,NULL,799,380
R203937441,NULL,799,380
R437911506,NULL,799,380
R012998099,NULL,799,380
R331818114,NULL,799,380
R678235909,NULL,799,380
R720538857,NULL,799,380
R526328490,NULL,799,380
R970104341,NULL,799,380
R301274932,NULL,799,380
R254933938,NULL,799,380
R145358001,NULL,799,380
R577422510,NULL,799,380
R239332329,NULL,799,380
R120632413,NULL,799,380
R498539159,NULL,799,380
R259465473,NULL,799,380
R101458388,NULL,799,380
R463909284,NULL,799,380
R415665009,NULL,799,380
R009165106,NULL,799,380
R351485888,NULL,799,380
R097431712,NULL,799,380
R155245537,NULL,799,380
R760464983,CCAvenue ₹799.00,799,380
R004758918,NULL,799,380
R408408491,NULL,799,380
R472639754,NULL,799,380
R187432720,NULL,799,380
R055934318,NULL,799,380
R323163029,NULL,799,380
R967012486,NULL,799,380
R300425288,NULL,799,380
R573174084,NULL,799,380
R129965922,NULL,799,380
R630752314,NULL,799,380
R931279916,NULL,799,380
R962398718,NULL,799,380
R541568780,NULL,799,380
R524138321,NULL,799,380
R898688791,NULL,799,380
R226302759,NULL,799,380
R159044399,NULL,799,380
R582285083,NULL,799,380
R929392577,NULL,799,380
R070383038,NULL,799,380
R116503075,NULL,799,380
R873450044,NULL,799,380
R312502738,NULL,799,380
R169794670,NULL,799,380
R637318497,NULL,799,380
R260959392,NULL,799,380
R762447586,NULL,799,380
R590927481,NULL,799,380
R597907014,NULL,799,380
R175916258,NULL,799,380
R552688132,NULL,799,380
R708960943,NULL,799,380
R693383098,NULL,799,380
R204403832,NULL,799,380
R360732149,NULL,799,380
R173374454,NULL,799,380
R598724456,NULL,799,380
R685063243,CCAvenue ₹799.00,799,380
R059675237,NULL,799,380
R016067991,NULL,799,380
R953035034,NULL,799,380
R115444589,NULL,799,380
R297810254,NULL,799,380
R397800939,NULL,799,380
R800843252,NULL,799,380
R275523776,NULL,799,380
R765705117,NULL,799,380
R174605219,NULL,799,380
R833196951,NULL,799,380
R272185237,NULL,799,380
R160116911,NULL,799,380
R761680963,NULL,799,380
R826251367,NULL,799,380
R276780448,NULL,799,380
R583813585,NULL,799,380
R899201775,NULL,799,380
R021280982,NULL,799,380
R148418193,NULL,799,380
R131142261,NULL,799,380
R019684740,NULL,799,380
R247542939,NULL,799,380
R528570796,NULL,799,380
R832562662,NULL,799,380
R455619280,NULL,799,380
R265048284,NULL,799,380
R122224542,NULL,799,380
R703172928,NULL,799,380
R735769763,NULL,799,380
R513172453,NULL,799,380
R317826232,NULL,799,380
R752788154,NULL,799,380
R070754844,NULL,799,380
R978926232,NULL,799,380
R194024162,NULL,799,380
R973754675,NULL,799,380
R843405684,NULL,799,380
R105077907,NULL,799,380
R518866952,NULL,799,380
R337422190,NULL,799,380
R793752940,NULL,799,380
R849228257,NULL,799,380
R248437260,NULL,799,380
R813767725,NULL,799,380
R088991196,NULL,799,380
R267730682,NULL,799,380
R304652642,NULL,799,380
R616873118,NULL,799,380
R136174532,NULL,799,380
R768812860,NULL,799,380
R137312329,NULL,799,380
R339149689,NULL,799,380
R929213260,NULL,799,380
R794465258,NULL,799,380
R113621902,NULL,799,380
R780822549,NULL,799,380
R184084534,NULL,799,380
R179268950,NULL,799,380
R492045482,NULL,799,380
R448917820,NULL,799,380
R075784998,NULL,799,380
R096207492,NULL,799,380
R756396686,NULL,799,380
R427640337,NULL,799,380
R210865936,NULL,799,380
R802710259,NULL,799,380
R545076794,NULL,799,380
R936767151,NULL,799,380
R212637439,NULL,799,380
R639017494,NULL,799,380
R914302927,NULL,799,380
R170929587,NULL,799,380
R937218306,NULL,799,380
R547140884,NULL,799,380
R761910464,NULL,799,380
R503592170,NULL,799,380
R257826407,NULL,799,380
R630349927,NULL,799,380
R321811959,NULL,799,380
R408568506,NULL,799,380
R632410742,NULL,799,380
R599571249,NULL,799,380
R893647083,NULL,799,380
R207354978,NULL,799,380
R632194083,NULL,799,380
R799681590,NULL,799,380
R828371100,NULL,799,380
R380941598,NULL,799,380
R903446137,NULL,799,380
R288000856,NULL,799,380
R725331866,NULL,799,380
R156123495,NULL,799,380
R072716574,NULL,799,380
R166788268,NULL,799,380
R420881205,NULL,799,380
R580779270,NULL,799,380
R180839640,NULL,799,380
R944155059,NULL,799,380
R058400020,NULL,799,380
R219935012,NULL,799,380
R407067907,NULL,799,380
R431135392,NULL,799,380
R129726220,NULL,799,380
R385765785,NULL,799,380
R028687863,NULL,799,380
R715762036,NULL,799,380
R665713922,NULL,798,3
R122451348,NULL,798,3
R147648395,NULL,798,3
R378036853,NULL,792,1
R085402477,NULL,790,1
R640349976,NULL,780,1
R933912067,NULL,760,1
R384705968,NULL,750,1
R956767347,NULL,749,25
R413712160,NULL,749,25
R822066453,NULL,749,25
R763474140,NULL,749,25
R833587298,NULL,749,25
R446351926,NULL,749,25
R474615559,CCAvenue ₹749.00,749,25
R121453094,CCAvenue ₹749.00,749,25
R688285309,CCAvenue ₹749.00,749,25
R819136994,NULL,749,25
R609858118,NULL,749,25
R403885763,NULL,749,25
R336159436,NULL,749,25
R300059510,NULL,749,25
R682351224,NULL,749,25
R451079071,NULL,749,25
R926305872,NULL,749,25
R723870442,NULL,749,25
R468989237,NULL,749,25
R143631417,NULL,749,25
R105385783,NULL,749,25
R940596990,NULL,749,25
R649029413,NULL,749,25
R194704603,NULL,749,25
R503864548,NULL,749,25
R570486111,NULL,700,1
R200893804,NULL,699,125
R212564134,NULL,699,125
R126795239,NULL,699,125
R653924250,Offline Payment ₹699.00;Offline Payment -₹699.00,699,125
R804951040,NULL,699,125
R621669730,NULL,699,125
R537285289,NULL,699,125
R959642341,NULL,699,125
R198553542,NULL,699,125
R294877636,NULL,699,125
R884485285,NULL,699,125
R571236328,NULL,699,125
R237937536,NULL,699,125
R311352579,NULL,699,125
R505250887,NULL,699,125
R920781511,NULL,699,125
R413245826,NULL,699,125
R610124262,NULL,699,125
R998992652,NULL,699,125
R119091691,NULL,699,125
R383281935,NULL,699,125
R598195115,NULL,699,125
R090612240,NULL,699,125
R168940757,NULL,699,125
R414848548,NULL,699,125
R886706596,NULL,699,125
R618874783,NULL,699,125
R102501726,NULL,699,125
R074455855,NULL,699,125
R139470355,NULL,699,125
R299169285,NULL,699,125
R220949873,NULL,699,125
R121343709,NULL,699,125
R247522418,NULL,699,125
R430015539,NULL,699,125
R562305869,NULL,699,125
R852340676,NULL,699,125
R659282006,NULL,699,125
R459544957,NULL,699,125
R423787791,NULL,699,125
R977431097,NULL,699,125
R276412131,NULL,699,125
R670974187,NULL,699,125
R546192978,NULL,699,125
R262531863,NULL,699,125
R595316455,NULL,699,125
R551715500,NULL,699,125
R502965926,NULL,699,125
R010904149,NULL,699,125
R736284665,NULL,699,125
R847751946,NULL,699,125
R081684592,NULL,699,125
R009615542,NULL,699,125
R660556984,NULL,699,125
R394408305,NULL,699,125
R180636780,NULL,699,125
R462244581,NULL,699,125
R747814084,NULL,699,125
R527534070,NULL,699,125
R787319100,NULL,699,125
R556442632,NULL,699,125
R522985102,NULL,699,125
R760638733,NULL,699,125
R537503135,NULL,699,125
R254764571,NULL,699,125
R674509517,NULL,699,125
R133293099,NULL,699,125
R881332656,NULL,699,125
R040153770,NULL,699,125
R813855117,NULL,699,125
R184286387,NULL,699,125
R767195344,NULL,699,125
R381394598,NULL,699,125
R858197570,NULL,699,125
R518262208,NULL,699,125
R653462960,NULL,699,125
R926799219,NULL,699,125
R023805047,NULL,699,125
R082271409,NULL,699,125
R766088316,NULL,699,125
R344945254,NULL,699,125
R589840397,NULL,699,125
R197677493,NULL,699,125
R303981167,NULL,699,125
R208161276,NULL,699,125
R343487869,NULL,699,125
R477125005,NULL,699,125
R970263494,NULL,699,125
R976747254,NULL,699,125
R975086807,NULL,699,125
R488506290,NULL,699,125
R359951426,NULL,699,125
R249143385,NULL,699,125
R107376151,NULL,699,125
R593881609,NULL,699,125
R469166093,NULL,699,125
R335866864,NULL,699,125
R831139525,NULL,699,125
R569535080,NULL,699,125
R094260983,NULL,699,125
R797530478,NULL,699,125
R459042199,NULL,699,125
R902112526,NULL,699,125
R533621369,NULL,699,125
R113426238,NULL,699,125
R610055032,NULL,699,125
R123192108,NULL,699,125
R117331201,NULL,699,125
R171959845,NULL,699,125
R812810731,NULL,699,125
R514775997,NULL,699,125
R491879312,NULL,699,125
R736786034,NULL,699,125
R073108634,NULL,699,125
R427623445,NULL,699,125
R434408602,NULL,699,125
R295030219,NULL,699,125
R917510275,NULL,699,125
R222958960,NULL,699,125
R345214261,NULL,699,125
R268697809,NULL,699,125
R803482149,NULL,699,125
R094212865,NULL,699,125
R585615361,NULL,699,125
R978344291,NULL,699,125
R841223411,NULL,698,7
R314474401,NULL,698,7
R679860233,NULL,698,7
R266444202,NULL,698,7
R303036708,NULL,698,7
R009971262,NULL,698,7
R719761982,NULL,698,7
R636504141,NULL,669,3
R700864631,NULL,669,3
R506439696,NULL,669,3
R207278505,NULL,650,2
R326096945,NULL,650,2
R596529037,NULL,649,10
R359270273,NULL,649,10
R252466838,NULL,649,10
R907196456,NULL,649,10
R271476630,NULL,649,10
R755825873,NULL,649,10
R613912204,NULL,649,10
R908847973,NULL,649,10
R479161048,NULL,649,10
R520992235,NULL,649,10
R456206378,NULL,629,1
R991160145,NULL,600,3
R270491210,NULL,600,3
R694748924,NULL,600,3
R004105813,NULL,599,60
R441191127,Offline Payment ₹599.00,599,60
R241318795,NULL,599,60
R431726126,NULL,599,60
R907042381,NULL,599,60
R976147684,NULL,599,60
R368801456,NULL,599,60
R686269843,NULL,599,60
R465444018,NULL,599,60
R500857684,NULL,599,60
R951469395,NULL,599,60
R861650930,NULL,599,60
R204061247,NULL,599,60
R525356837,NULL,599,60
R509381624,NULL,599,60
R946074696,NULL,599,60
R981566262,NULL,599,60
R364310157,NULL,599,60
R422821721,NULL,599,60
R841711274,NULL,599,60
R251649563,NULL,599,60
R766760323,NULL,599,60
R142321831,NULL,599,60
R415321430,NULL,599,60
R563108904,NULL,599,60
R990310504,NULL,599,60
R594643805,NULL,599,60
R073402912,NULL,599,60
R072488110,NULL,599,60
R786855103,NULL,599,60
R094132268,NULL,599,60
R637107314,NULL,599,60
R169511856,NULL,599,60
R602161604,NULL,599,60
R551257418,NULL,599,60
R853897507,NULL,599,60
R649298150,NULL,599,60
R987878226,NULL,599,60
R843032843,NULL,599,60
R845591808,NULL,599,60
R752446205,NULL,599,60
R390235057,NULL,599,60
R128357983,NULL,599,60
R300486787,NULL,599,60
R471216823,NULL,599,60
R713110906,NULL,599,60
R029808244,NULL,599,60
R722913180,NULL,599,60
R100651396,NULL,599,60
R194105322,NULL,599,60
R231664684,NULL,599,60
R180045008,NULL,599,60
R386923386,NULL,599,60
R412038895,NULL,599,60
R791763992,NULL,599,60
R419859826,NULL,599,60
R685686550,NULL,599,60
R742240985,NULL,599,60
R934104747,NULL,599,60
R912119412,NULL,599,60
R372938876,NULL,598,5
R505008978,NULL,598,5
R496491947,NULL,598,5
R073786226,NULL,598,5
R479021641,NULL,598,5
R895008449,NULL,584,1
R698171274,NULL,570,1
R892691327,NULL,569,1
R219057358,NULL,559,3
R608395431,NULL,559,3
R973313790,NULL,559,3
R204960454,Offline Payment ₹549.00,549,43
R159500130,NULL,549,43
R080124396,NULL,549,43
R226367257,NULL,549,43
R282094925,NULL,549,43
R376576228,NULL,549,43
R998897614,NULL,549,43
R712988971,NULL,549,43
R874298221,NULL,549,43
R658811230,NULL,549,43
R016445513,NULL,549,43
R999495428,NULL,549,43
R755518556,NULL,549,43
R758078176,NULL,549,43
R163275356,NULL,549,43
R128964501,NULL,549,43
R999165741,NULL,549,43
R530793138,NULL,549,43
R128819338,NULL,549,43
R135741837,NULL,549,43
R105094273,NULL,549,43
R143137600,NULL,549,43
R168041945,NULL,549,43
R241051131,NULL,549,43
R967966136,NULL,549,43
R967446038,NULL,549,43
R879444905,NULL,549,43
R534968991,NULL,549,43
R255675277,NULL,549,43
R742731111,NULL,549,43
R082490607,NULL,549,43
R501157294,NULL,549,43
R236600836,NULL,549,43
R370792352,NULL,549,43
R477395876,NULL,549,43
R817067234,NULL,549,43
R623796557,NULL,549,43
R307330220,NULL,549,43
R701351162,NULL,549,43
R172225398,NULL,549,43
R335389891,NULL,549,43
R169760766,NULL,549,43
R048034578,NULL,549,43
R325701862,Offline Payment ₹522.50,522.5,1
R816647742,NULL,500,10
R211342014,NULL,500,10
R935547727,NULL,500,10
R439363214,Offline Payment ₹500.00,500,10
R613991296,NULL,500,10
R345239574,NULL,500,10
R936893153,NULL,500,10
R853347891,NULL,500,10
R779821057,NULL,500,10
R607209508,NULL,500,10
R165094970,CCAvenue ₹499.00,499,19
R847134846,NULL,499,19
R994223346,NULL,499,19
R205399971,NULL,499,19
R537836718,NULL,499,19
R535629127,NULL,499,19
R777342397,NULL,499,19
R454005762,NULL,499,19
R302838470,NULL,499,19
R181106661,NULL,499,19
R444302271,NULL,499,19
R487303621,NULL,499,19
R161212176,NULL,499,19
R355375787,Offline Payment ₹499.00,499,19
R819487802,NULL,499,19
R446596436,NULL,499,19
R650328020,Offline Payment ₹499.00,499,19
R661908182,NULL,499,19
R945297174,NULL,499,19
R390769729,NULL,498,13
R091266951,NULL,498,13
R162594769,NULL,498,13
R825602459,NULL,498,13
R686961937,NULL,498,13
R073290129,NULL,498,13
R796477889,NULL,498,13
R841703985,NULL,498,13
R631553839,NULL,498,13
R422101455,NULL,498,13
R538260040,NULL,498,13
R500333964,NULL,498,13
R287813677,NULL,498,13
R385837723,NULL,469,2
R463291752,NULL,469,2
R801964662,NULL,450,6
R676696064,NULL,450,6
R350755301,NULL,450,6
R786274944,NULL,450,6
R244978994,NULL,450,6
R122347091,NULL,450,6
R242939212,NULL,449,19
R543652892,NULL,449,19
R331634713,NULL,449,19
R240995304,NULL,449,19
R693470224,NULL,449,19
R637702789,NULL,449,19
R513653588,NULL,449,19
R181172797,NULL,449,19
R246786593,NULL,449,19
R112763850,NULL,449,19
R979382145,NULL,449,19
R888586203,NULL,449,19
R687559393,NULL,449,19
R406163355,Offline Payment ₹449.00,449,19
R466242254,NULL,449,19
R633864314,NULL,449,19
R795742747,NULL,449,19
R987194070,NULL,449,19
R188001971,NULL,449,19
R052136619,NULL,429,1
R937694520,NULL,420,2
R275693947,NULL,420,2
R036074784,NULL,400,59
R549203720,NULL,400,59
R333398397,Offline Payment ₹400.00,400,59
R296624950,Offline Payment ₹400.00,400,59
R487921687,Offline Payment ₹400.00,400,59
R132336308,NULL,400,59
R452430781,NULL,400,59
R936908994,NULL,400,59
R528652410,NULL,400,59
R800454547,Offline Payment ₹400.00,400,59
R089491540,NULL,400,59
R899658843,NULL,400,59
R987954324,NULL,400,59
R038689552,NULL,400,59
R014665533,NULL,400,59
R396642325,NULL,400,59
R083615392,NULL,400,59
R820762869,NULL,400,59
R493066035,NULL,400,59
R112105611,NULL,400,59
R260949802,NULL,400,59
R743671701,NULL,400,59
R961129825,NULL,400,59
R343420145,NULL,400,59
R185360113,NULL,400,59
R724316597,NULL,400,59
R659814494,NULL,400,59
R908874921,NULL,400,59
R683333032,NULL,400,59
R241996089,NULL,400,59
R558484999,NULL,400,59
R664891590,NULL,400,59
R168126863,NULL,400,59
R484429561,NULL,400,59
R904710326,NULL,400,59
R689470977,NULL,400,59
R481089498,NULL,400,59
R797989606,NULL,400,59
R685429459,NULL,400,59
R243916059,NULL,400,59
R464078437,NULL,400,59
R807965231,NULL,400,59
R534613710,NULL,400,59
R680642270,NULL,400,59
R105211025,NULL,400,59
R285949933,NULL,400,59
R283546997,NULL,400,59
R749715325,NULL,400,59
R980170142,CCAvenue ₹400.00,400,59
R213501527,NULL,400,59
R357012298,NULL,400,59
R155478303,NULL,400,59
R482335797,NULL,400,59
R589798354,NULL,400,59
R561862891,NULL,400,59
R368968372,NULL,400,59
R665023705,NULL,400,59
R159642279,NULL,400,59
R605088403,NULL,400,59
R362768833,NULL,399,53
R974149108,NULL,399,53
R350528640,NULL,399,53
R561169567,NULL,399,53
R872388855,NULL,399,53
R461466115,NULL,399,53
R482585777,NULL,399,53
R055928146,NULL,399,53
R508795620,NULL,399,53
R490650135,NULL,399,53
R793114612,NULL,399,53
R899329457,NULL,399,53
R802326644,NULL,399,53
R487547857,NULL,399,53
R522387584,NULL,399,53
R287686893,NULL,399,53
R617021131,NULL,399,53
R357247356,CCAvenue ₹399.00,399,53
R151226054,NULL,399,53
R258358880,NULL,399,53
R154514016,NULL,399,53
R078426758,NULL,399,53
R064648112,NULL,399,53
R657484878,NULL,399,53
R159642587,NULL,399,53
R381814245,NULL,399,53
R084742834,NULL,399,53
R959888757,NULL,399,53
R067646536,NULL,399,53
R221445490,NULL,399,53
R734130414,NULL,399,53
R220278147,NULL,399,53
R502757306,NULL,399,53
R505497597,NULL,399,53
R759954627,NULL,399,53
R934542337,NULL,399,53
R645643464,NULL,399,53
R242525830,NULL,399,53
R197136102,NULL,399,53
R185955406,NULL,399,53
R173974559,NULL,399,53
R693090836,NULL,399,53
R466233410,NULL,399,53
R706398321,NULL,399,53
R148545888,NULL,399,53
R678593448,NULL,399,53
R859367222,Offline Payment ₹399.00,399,53
R784900954,NULL,399,53
R548848079,NULL,399,53
R853151003,NULL,399,53
R819849845,NULL,399,53
R555383605,NULL,399,53
R238262431,NULL,399,53
R531202951,NULL,398,2
R172066166,NULL,398,2
R320277649,NULL,389,1
R131696702,NULL,380,1
R510606760,NULL,379,1
R295137108,NULL,369,21
R718408978,NULL,369,21
R175121349,NULL,369,21
R273379501,NULL,369,21
R317441847,NULL,369,21
R720713968,NULL,369,21
R539817421,NULL,369,21
R218734120,NULL,369,21
R322607311,NULL,369,21
R831824073,NULL,369,21
R485477546,NULL,369,21
R111214557,NULL,369,21
R740380241,NULL,369,21
R366723807,NULL,369,21
R446389522,NULL,369,21
R344583106,NULL,369,21
R981646850,NULL,369,21
R047762355,Offline Payment ₹369.00,369,21
R499860317,NULL,369,21
R949298264,Offline Payment ₹369.00,369,21
R891038576,Offline Payment ₹369.00,369,21
R189901573,NULL,350,1
R400473018,NULL,349,105
R693745544,NULL,349,105
R769171849,NULL,349,105
R545797026,NULL,349,105
R100702152,NULL,349,105
R911291379,NULL,349,105
R297322133,NULL,349,105
R079076083,NULL,349,105
R583566236,NULL,349,105
R576021793,NULL,349,105
R189104065,NULL,349,105
R503014393,NULL,349,105
R162748569,NULL,349,105
R385367531,NULL,349,105
R098926189,NULL,349,105
R039766539,NULL,349,105
R771758274,NULL,349,105
R319118838,NULL,349,105
R286083383,NULL,349,105
R546260456,NULL,349,105
R255720940,NULL,349,105
R386164196,NULL,349,105
R222589060,NULL,349,105
R746161746,NULL,349,105
R743374458,NULL,349,105
R380615974,NULL,349,105
R586544961,NULL,349,105
R153814413,NULL,349,105
R093208907,NULL,349,105
R552366769,NULL,349,105
R693620574,NULL,349,105
R291886452,NULL,349,105
R171818308,NULL,349,105
R459731582,NULL,349,105
R261857116,NULL,349,105
R083721973,NULL,349,105
R654924169,NULL,349,105
R166725033,NULL,349,105
R650626249,NULL,349,105
R855927613,NULL,349,105
R415471606,NULL,349,105
R911835435,CCAvenue ₹349.00,349,105
R334693144,NULL,349,105
R845301582,NULL,349,105
R318696409,NULL,349,105
R076427349,NULL,349,105
R242382845,NULL,349,105
R353037024,NULL,349,105
R602350202,CCAvenue ₹349.00,349,105
R370444708,NULL,349,105
R901609883,NULL,349,105
R416735464,NULL,349,105
R213663325,NULL,349,105
R383972404,NULL,349,105
R401113074,NULL,349,105
R105651040,NULL,349,105
R711795605,NULL,349,105
R561693804,NULL,349,105
R906998543,NULL,349,105
R150694349,NULL,349,105
R454939292,NULL,349,105
R636244695,NULL,349,105
R193981020,NULL,349,105
R499576755,NULL,349,105
R027314777,NULL,349,105
R335244218,NULL,349,105
R610220624,NULL,349,105
R910089474,NULL,349,105
R711450815,NULL,349,105
R015957725,NULL,349,105
R290312915,NULL,349,105
R658530771,NULL,349,105
R242497111,NULL,349,105
R202294398,NULL,349,105
R396375937,NULL,349,105
R787752295,NULL,349,105
R905233684,NULL,349,105
R998389530,NULL,349,105
R100808290,NULL,349,105
R228221137,NULL,349,105
R718629580,NULL,349,105
R933440538,NULL,349,105
R006584775,NULL,349,105
R533698882,NULL,349,105
R379689137,NULL,349,105
R736277839,NULL,349,105
R906062685,NULL,349,105
R867030307,NULL,349,105
R911812029,NULL,349,105
R437238467,NULL,349,105
R777391237,NULL,349,105
R579427554,NULL,349,105
R701032207,NULL,349,105
R920748039,Offline Payment ₹349.00,349,105
R798369072,Offline Payment ₹349.00,349,105
R054142917,NULL,349,105
R826496470,Offline Payment ₹349.00,349,105
R628447874,NULL,349,105
R373359122,NULL,349,105
R137308146,NULL,349,105
R633801381,Offline Payment ₹349.00,349,105
R082123121,NULL,349,105
R973215496,NULL,349,105
R368809180,NULL,349,105
R718933841,NULL,349,105
R711063492,NULL,345,8
R796097211,NULL,345,8
R240467625,NULL,345,8
R682236713,NULL,345,8
R738183361,NULL,345,8
R101225014,NULL,345,8
R575559004,NULL,345,8
R515722074,NULL,345,8
R666954397,NULL,340,2
R353938941,Offline Payment ₹340.00,340,2
R973806026,NULL,330,2
R790592827,NULL,330,2
R347387010,NULL,321,2
R798254987,NULL,321,2
R797144246,NULL,300,37
R394703469,NULL,300,37
R681018025,NULL,300,37
R810419967,NULL,300,37
R933228429,NULL,300,37
R808006154,Offline Payment ₹300.00,300,37
R773395935,Offline Payment ₹300.00,300,37
R760763836,NULL,300,37
R143165279,NULL,300,37
R282048148,NULL,300,37
R303391606,NULL,300,37
R708486935,CCAvenue ₹300.00,300,37
R075668147,CCAvenue ₹300.00,300,37
R823316533,NULL,300,37
R062035942,NULL,300,37
R796160956,NULL,300,37
R297369374,NULL,300,37
R201901918,NULL,300,37
R935461544,NULL,300,37
R344072187,NULL,300,37
R488103563,NULL,300,37
R211648782,NULL,300,37
R562328321,NULL,300,37
R943561656,NULL,300,37
R495709879,NULL,300,37
R110420532,NULL,300,37
R704198525,NULL,300,37
R910004620,Offline Payment ₹300.00,300,37
R294726864,Offline Payment ₹300.00,300,37
R517332780,Offline Payment ₹300.00,300,37
R391183790,Offline Payment ₹300.00,300,37
R401574148,Offline Payment ₹300.00,300,37
R134042871,NULL,300,37
R368001561,Offline Payment ₹300.00,300,37
R541734037,NULL,300,37
R618506806,NULL,300,37
R672215895,Offline Payment ₹300.00,300,37
R602669812,NULL,299,161
R866184755,CCAvenue ₹299.00,299,161
R735971499,Offline Payment ₹299.00,299,161
R866892310,NULL,299,161
R811247714,Offline Payment ₹299.00,299,161
R932177019,NULL,299,161
R404773588,NULL,299,161
R088622973,NULL,299,161
R057638833,NULL,299,161
R228133611,NULL,299,161
R243759667,Offline Payment ₹299.00,299,161
R661333471,NULL,299,161
R153787426,Offline Payment ₹299.00,299,161
R735396485,Offline Payment ₹299.00,299,161
R139843923,NULL,299,161
R623472687,NULL,299,161
R779188096,NULL,299,161
R767298819,NULL,299,161
R512247606,NULL,299,161
R946900135,NULL,299,161
R410630431,NULL,299,161
R159364788,NULL,299,161
R214976629,NULL,299,161
R271456353,NULL,299,161
R608056114,NULL,299,161
R635842448,NULL,299,161
R113616210,NULL,299,161
R130237753,NULL,299,161
R280273130,NULL,299,161
R698479584,NULL,299,161
R836459692,NULL,299,161
R874732072,NULL,299,161
R076181056,NULL,299,161
R094525229,NULL,299,161
R268708776,NULL,299,161
R976340562,NULL,299,161
R762201520,NULL,299,161
R899749025,NULL,299,161
R641986241,NULL,299,161
R759370805,NULL,299,161
R505009402,NULL,299,161
R339475366,NULL,299,161
R931244586,NULL,299,161
R537857955,NULL,299,161
R769305698,NULL,299,161
R799146259,NULL,299,161
R066646030,NULL,299,161
R966694273,NULL,299,161
R873933613,NULL,299,161
R483251124,NULL,299,161
R593320632,NULL,299,161
R774097156,NULL,299,161
R725906906,NULL,299,161
R477047945,NULL,299,161
R584353127,NULL,299,161
R995302359,NULL,299,161
R587545235,NULL,299,161
R063670472,NULL,299,161
R300495051,NULL,299,161
R349088014,NULL,299,161
R242919697,NULL,299,161
R771919310,NULL,299,161
R666893756,NULL,299,161
R898236027,NULL,299,161
R769260140,NULL,299,161
R513252023,NULL,299,161
R853842671,NULL,299,161
R963970197,NULL,299,161
R749603842,NULL,299,161
R760060043,NULL,299,161
R337562891,NULL,299,161
R193761425,NULL,299,161
R016558033,NULL,299,161
R808494300,NULL,299,161
R735433400,NULL,299,161
R949920928,NULL,299,161
R174692158,NULL,299,161
R960020173,NULL,299,161
R291312285,NULL,299,161
R261117646,NULL,299,161
R410748338,NULL,299,161
R782411768,NULL,299,161
R396176251,NULL,299,161
R543305442,NULL,299,161
R927459938,NULL,299,161
R121893669,NULL,299,161
R521897015,NULL,299,161
R840207793,NULL,299,161
R396217083,NULL,299,161
R094635204,NULL,299,161
R320632516,NULL,299,161
R309355223,NULL,299,161
R584914769,NULL,299,161
R202004546,NULL,299,161
R639490931,NULL,299,161
R806606413,NULL,299,161
R518394504,NULL,299,161
R201897460,NULL,299,161
R125894808,NULL,299,161
R767623453,NULL,299,161
R061291214,NULL,299,161
R411322971,NULL,299,161
R535983428,NULL,299,161
R984105674,NULL,299,161
R287397050,NULL,299,161
R104398180,NULL,299,161
R988352810,NULL,299,161
R845310836,NULL,299,161
R864026262,NULL,299,161
R521799894,NULL,299,161
R763743922,NULL,299,161
R985822217,NULL,299,161
R522509314,NULL,299,161
R602320918,NULL,299,161
R005074522,NULL,299,161
R724943351,NULL,299,161
R917222876,NULL,299,161
R095508009,NULL,299,161
R258267656,NULL,299,161
R418995883,NULL,299,161
R190580952,NULL,299,161
R046750247,NULL,299,161
R862364350,NULL,299,161
R568302035,NULL,299,161
R968548235,NULL,299,161
R407274734,NULL,299,161
R684893799,NULL,299,161
R941989086,NULL,299,161
R393403055,NULL,299,161
R094293657,NULL,299,161
R079629574,NULL,299,161
R230665554,NULL,299,161
R470070632,NULL,299,161
R345952136,NULL,299,161
R451692042,NULL,299,161
R027811898,NULL,299,161
R730921383,NULL,299,161
R644919380,NULL,299,161
R890093534,NULL,299,161
R651363193,NULL,299,161
R711031060,NULL,299,161
R316168721,NULL,299,161
R868389453,NULL,299,161
R393872801,NULL,299,161
R380645536,NULL,299,161
R351840777,NULL,299,161
R378042202,NULL,299,161
R967821325,NULL,299,161
R841985740,NULL,299,161
R261816981,NULL,299,161
R386037995,NULL,299,161
R472083482,NULL,299,161
R475454528,NULL,299,161
R159671376,NULL,299,161
R980257156,NULL,299,161
R773861391,NULL,299,161
R833927159,NULL,299,161
R752329398,NULL,299,161
R968528091,NULL,299,161
R531301688,NULL,299,161
R356411637,NULL,299,161
R320765078,NULL,285,1
R954639034,NULL,280,2
R030876591,NULL,280,2
R705488954,NULL,279,1
R096605403,NULL,269,17
R265898978,Offline Payment ₹269.00,269,17
R705073253,NULL,269,17
R739490893,NULL,269,17
R281369249,NULL,269,17
R742268788,NULL,269,17
R979355643,NULL,269,17
R563890001,NULL,269,17
R936821983,NULL,269,17
R551956390,NULL,269,17
R350870682,Offline Payment ₹269.00,269,17
R796321374,CCAvenue ₹269.00,269,17
R948455108,NULL,269,17
R623635719,NULL,269,17
R052088688,CCAvenue ₹269.00,269,17
R636276573,CCAvenue ₹269.00,269,17
R793585421,NULL,269,17
R741574528,NULL,260,1
R812499535,Offline Payment ₹259.00,259,1
R805758566,NULL,258,1
R744905083,NULL,250,11
R347382739,Offline Payment ₹250.00,250,11
R819203993,NULL,250,11
R094069527,NULL,250,11
R731332031,NULL,250,11
R508487063,Offline Payment ₹250.00,250,11
R493830696,NULL,250,11
R165204789,NULL,250,11
R876329546,NULL,250,11
R777577967,NULL,250,11
R597121151,Offline Payment ₹250.00,250,11
R418469368,Offline Payment ₹249.00,249,1
R807200424,Offline Payment ₹230.00,230,1
R913187467,CCAvenue ₹219.00,219,1
R925221151,Offline Payment ₹200.00,200,9
R635590096,Offline Payment ₹200.00,200,9
R449072814,NULL,200,9
R694275231,NULL,200,9
R462948377,NULL,200,9
R923025609,Offline Payment ₹200.00,200,9
R199755117,NULL,200,9
R756660811,NULL,200,9
R873747596,NULL,200,9
R929818320,NULL,199,29
R875015906,NULL,199,29
R707003948,NULL,199,29
R428489356,NULL,199,29
R258312262,NULL,199,29
R295580679,NULL,199,29
R959715070,NULL,199,29
R577757203,NULL,199,29
R995497472,NULL,199,29
R196208821,NULL,199,29
R310134690,NULL,199,29
R607407435,NULL,199,29
R030332841,NULL,199,29
R399593018,NULL,199,29
R714935105,NULL,199,29
R478686679,NULL,199,29
R044188176,NULL,199,29
R749723696,NULL,199,29
R584888862,NULL,199,29
R624059351,NULL,199,29
R391502295,NULL,199,29
R925789742,Offline Payment ₹199.00,199,29
R056000508,NULL,199,29
R839321129,NULL,199,29
R858099241,NULL,199,29
R800344735,NULL,199,29
R716315710,Offline Payment ₹199.00,199,29
R972218111,NULL,199,29
R269804490,NULL,199,29
R954986425,NULL,169,2
R443943813,NULL,169,2
R787135197,NULL,160,1
R118175131,NULL,150,15
R713945446,NULL,150,15
R716821566,NULL,150,15
R468679105,NULL,150,15
R838627469,NULL,150,15
R515577259,CCAvenue ₹150.00,150,15
R725338420,NULL,150,15
R152102468,NULL,150,15
R113545119,NULL,150,15
R062952790,NULL,150,15
R730949240,CCAvenue ₹150.00,150,15
R804952406,Offline Payment ₹150.00,150,15
R774939614,NULL,150,15
R462227714,NULL,150,15
R331952828,NULL,150,15
R363513354,NULL,149,2
R346808647,NULL,149,2
R604134622,NULL,140,26
R109268144,NULL,140,26
R326358406,NULL,140,26
R737192556,NULL,140,26
R959906035,NULL,140,26
R561209258,NULL,140,26
R102352320,NULL,140,26
R159915470,NULL,140,26
R126827740,CCAvenue ₹140.00,140,26
R149770796,NULL,140,26
R876308581,NULL,140,26
R180276448,NULL,140,26
R105007365,NULL,140,26
R800048288,NULL,140,26
R395895589,NULL,140,26
R816655827,NULL,140,26
R174264951,NULL,140,26
R850599281,NULL,140,26
R248095451,NULL,140,26
R600657002,NULL,140,26
R087713116,NULL,140,26
R902349875,NULL,140,26
R867379524,NULL,140,26
R562164443,NULL,140,26
R048874828,NULL,140,26
R460236146,NULL,140,26
R376953433,NULL,130,6
R258276012,NULL,130,6
R023583929,NULL,130,6
R198270227,NULL,130,6
R442040091,NULL,130,6
R204807461,NULL,130,6
R352954409,NULL,126,1
R397933668,NULL,101,1
R996060463,NULL,100,7
R429418837,NULL,100,7
R959798472,CCAvenue ₹100.00,100,7
R311453957,NULL,100,7
R249118235,NULL,100,7
R640937525,NULL,100,7
R350563716,Offline Payment ₹100.00,100,7
R605111084,NULL,99,4
R857176862,NULL,99,4
R700671255,NULL,99,4
R155804151,NULL,99,4
R580255888,NULL,80,1
R012904790,NULL,70,1
R684057692,NULL,63,9
R642905393,NULL,63,9
R484965808,NULL,63,9
R207008988,NULL,63,9
R739831417,NULL,63,9
R517697158,NULL,63,9
R174623443,NULL,63,9
R900311021,NULL,63,9
R943751907,NULL,63,9
R678617780,NULL,50,8
R498011088,NULL,50,8
R066857025,NULL,50,8
R453230207,NULL,50,8
R899019626,NULL,50,8
R873687464,NULL,50,8
R243395005,NULL,50,8
R288648573,NULL,50,8
R188166527,NULL,49,1
R796884129,NULL,21,1
R893358044,NULL,20,20
R200485416,NULL,20,20
R403029851,NULL,20,20
R369036054,NULL,20,20
R820061181,NULL,20,20
R850903313,NULL,20,20
R291065280,NULL,20,20
R680014065,NULL,20,20
R893320249,NULL,20,20
R039151982,NULL,20,20
R455128347,NULL,20,20
R203985172,NULL,20,20
R069918674,NULL,20,20
R145640740,NULL,20,20
R736648009,NULL,20,20
R651237239,NULL,20,20
R565364614,NULL,20,20
R527973915,NULL,20,20
R185603446,NULL,20,20
R993792589,NULL,20,20
R708180852,NULL,2,2
R604012301,NULL,2,2
R849897498,NULL,1,18
R209535886,NULL,1,18
R754058901,NULL,1,18
R762634122,NULL,1,18
R570234342,NULL,1,18
R848166247,NULL,1,18
R860304448,NULL,1,18
R029947769,NULL,1,18
R128393679,NULL,1,18
R921715670,NULL,1,18
R657390082,NULL,1,18
R238871093,NULL,1,18
R051854640,NULL,1,18
R250985112,NULL,1,18
R421426969,NULL,1,18
R774227039,NULL,1,18
R956139565,NULL,1,18
R788039344,NULL,1,18
R950244590,NULL,0,1
R765288033,NULL,NULL,0
R078719573,NULL,NULL,0
R121638056,NULL,NULL,0
R168504447,NULL,NULL,0
